date,open,close,dte,iv_proxy
2024-12-17,24579.05,24319.35,2,22.58
2024-12-18,24311.7,24214.7,1,
2024-12-19,23954.65,23961.95,0,
2024-12-20,23927.45,23631.35,6,
2024-12-23,23758.95,23747.2,3,
2024-12-24,23761.15,23730.35,2,
2024-12-26,23794.85,23760.3,0,13.1
2024-12-27,23819.5,23832.45,6,14.55
2024-12-30,23782.65,23658.65,3,14.68
2024-12-31,23551.35,23668.8,2,18.65
2025-01-01,23649.55,23758.7,1,15.85
2025-01-02,23787.6,24167.95,0,17.61
2025-01-03,24152.65,23990.15,6,14.83
2025-01-06,24039.65,23629.6,3,17.61
2025-01-07,23755.6,23694.6,2,23.28
2025-01-08,23702.75,23675.2,1,15.53
2025-01-09,23643.7,23557.2,0,14.09
2025-01-10,23572.05,23437.35,6,14.79
2025-01-13,23217.65,23088.7,3,19.81
2025-01-14,23203.75,23206.85,2,16.74
2025-01-15,23240.9,23228.1,1,14.25
2025-01-16,23334.0,23350.8,0,12.91
2025-01-17,23200.3,23203.1,6,14.94
2025-01-20,23242.7,23337.05,3,20.4
2025-01-21,23391.05,23053.05,2,18.81
2025-01-22,23100.05,23161.75,1,17.04
2025-01-23,23099.6,23216.3,0,15.1
2025-01-24,23236.3,23090.35,6,15.74
2025-01-27,22943.05,22816.85,3,20.5
2025-01-28,22936.15,22976.3,2,22.71
2025-01-29,23037.5,23176.2,1,24.41
2025-01-30,23145.7,23297.95,0,27.42
2025-01-31,23285.7,23533.85,6,27.03
2025-02-01,23536.05,23495.3,5,21.76
2025-02-03,23271.85,23359.7,3,16.95
2025-02-04,23495.7,23707.7,2,15.46
2025-02-05,23768.1,23686.75,1,14.63
2025-02-06,23723.65,23628.05,0,15.21
2025-02-07,23610.4,23563.15,6,16.33
2025-02-10,23477.85,23376.05,3,17.97
2025-02-11,23347.45,23070.5,2,21.23
2025-02-12,23042.9,23057.8,1,15.41
2025-02-13,23097.3,23019.4,0,16.0
2025-02-14,23113.95,22897.25,6,14.84
2025-02-17,22753.55,22963.5,3,20.93
2025-02-18,22956.1,22923.15,2,23.34
2025-02-19,22828.55,22914.4,1,15.42
2025-02-20,22860.6,22906.25,0,14.96
2025-02-21,22885.7,22764.35,6,13.58
2025-02-24,22664.05,22548.85,3,16.21
2025-02-25,22560.45,22526.3,2,13.16
2025-02-27,22584.6,22510.85,0,12.16
2025-02-28,22348.45,22127.4,6,13.38
2025-03-03,22219.35,22143.15,3,16.32
2025-03-04,21985.55,22080.3,2,17.97
2025-03-05,22132.0,22346.65,1,13.14
2025-03-06,22451.95,22529.2,0,13.81
2025-03-07,22479.95,22536.95,6,13.24
2025-03-10,22560.9,22441.1,3,16.3
2025-03-11,22344.4,22520.5,2,17.11
2025-03-12,22545.9,22468.5,1,13.54
2025-03-13,22503.65,22383.3,0,11.92
2025-03-17,22480.3,22515.25,3,15.14
2025-03-18,22613.25,22848.75,2,17.38
2025-03-19,22841.45,22911.8,1,13.35
2025-03-20,23007.85,23165.7,0,12.19
2025-03-21,23156.2,23355.65,6,11.36
2025-03-24,23489.0,23674.15,3,14.68
2025-03-25,23762.75,23605.95,2,21.85
2025-03-26,23685.85,23464.3,1,13.85
2025-03-27,23452.7,23601.05,0,13.79
2025-03-28,23590.95,23495.15,6,13.16
2025-04-01,23417.3,23179.7,2,15.69
2025-04-02,23204.35,23330.8,1,15.01
2025-04-03,23192.2,23241.6,0,14.74
2025-04-04,23124.2,22912.05,5,14.65
2025-04-07,22026.6,22238.0,2,44.99
2025-04-08,22548.65,22547.2,1,22.49
2025-04-09,22409.7,22420.4,0,23.73
2025-04-11,22715.95,22844.5,6,20.16
2025-04-15,23257.05,23344.1,2,21.01
2025-04-16,23292.35,23433.3,1,13.45
2025-04-17,23377.45,23837.75,0,15.13
2025-04-21,23983.6,24121.2,3,19.55
2025-04-22,24139.85,24134.05,2,15.42
2025-04-23,24291.8,24300.85,1,14.7
2025-04-24,24279.15,24245.05,0,15.87
2025-04-25,24342.3,23991.65,5,15.3
2025-04-28,24112.9,24312.9,2,18.79
2025-04-29,24419.55,24325.45,1,15.42
2025-04-30,24279.85,24246.25,0,16.04
2025-05-02,24431.25,24313.65,6,15.21
2025-05-05,24450.65,24459.5,3,15.25
2025-05-06,24456.95,24335.9,2,12.38
2025-05-07,24344.05,24409.3,1,16.31
2025-05-08,24437.25,24154.1,0,15.54
2025-05-09,24125.25,24038.65,6,21.07
2025-05-12,24514.05,24920.25,3,17.27
2025-05-13,24955.55,24593.65,2,25.81
2025-05-14,24619.6,24685.75,1,17.22
2025-05-15,24640.6,25035.3,0,16.14
2025-05-16,24999.05,25013.1,6,15.46
2025-05-19,24977.95,24935.35,3,19.37
2025-05-20,24987.3,24713.85,2,18.35
2025-05-21,24758.8,24800.95,1,16.36
2025-05-22,24704.65,24637.0,0,17.33
2025-05-23,24650.35,24845.15,6,15.28
2025-05-26,24994.3,24996.35,3,22.75
2025-05-27,24920.1,24837.7,2,29.8
2025-05-28,24809.35,24757.15,1,21.69
2025-05-29,24884.5,24880.85,0,17.07
2025-05-30,24816.35,24736.65,6,16.51
2025-06-02,24604.9,24690.35,3,22.84
2025-06-03,24802.9,24538.4,2,28.82
2025-06-04,24591.75,24612.0,1,16.91
2025-06-05,24661.6,24761.1,0,14.23
2025-06-06,24734.0,25000.3,6,13.85
2025-06-09,25117.5,25103.1,3,16.83
2025-06-10,25153.9,25091.5,2,14.74
2025-06-11,25110.45,25126.8,1,12.49
2025-06-12,25129.4,24856.0,0,12.36
2025-06-13,24539.9,24735.55,6,16.18
2025-06-16,24767.55,24940.95,3,16.49
2025-06-17,24927.0,24841.5,2,17.46
2025-06-18,24791.35,24798.75,1,14.3
2025-06-19,24783.9,24744.7,0,13.85
2025-06-20,24864.85,25079.75,6,12.91
2025-06-23,24968.35,24958.9,3,15.76
2025-06-24,25216.5,25071.55,2,15.46
2025-06-25,25146.6,25236.35,1,13.23
2025-06-26,25282.35,25530.4,0,13.09
2025-06-27,25616.2,25632.45,6,12.45
2025-06-30,25630.15,25507.45,3,14.59
2025-07-01,25521.45,25533.0,2,15.94
2025-07-02,25599.3,25442.85,1,11.75
2025-07-03,25486.2,25397.4,0,11.78
2025-07-04,25436.9,25467.8,6,11.46
2025-07-07,25424.65,25454.95,3,13.23
2025-07-08,25449.8,25523.1,2,13.84
2025-07-09,25504.3,25464.65,1,10.8
2025-07-10,25483.0,25348.15,0,10.59
2025-07-11,25263.05,25140.55,6,9.83
2025-07-14,25119.45,25087.1,3,12.87
2025-07-15,25150.45,25219.65,2,12.25
2025-07-16,25168.75,25198.55,1,10.21
2025-07-17,25219.95,25109.5,0,9.48
2025-07-18,25115.85,24967.45,6,9.86
2025-07-21,24961.1,25093.3,3,12.21
2025-07-22,25150.95,25064.9,2,11.08
2025-07-23,25135.2,25209.2,1,9.47
2025-07-24,25219.5,25051.9,0,8.92
2025-07-25,24954.55,24832.2,6,9.71
2025-07-28,24755.05,24673.95,3,12.81
2025-07-29,24633.65,24830.4,2,14.11
2025-07-30,24833.05,24844.55,1,10.93
2025-07-31,24699.1,24765.6,0,12.07
2025-08-01,24723.55,24572.15,6,11.88
2025-08-04,24613.85,24726.9,3,15.05
2025-08-05,24714.6,24649.5,2,14.52
2025-08-06,24643.7,24569.6,1,11.49
2025-08-07,24501.7,24626.65,0,10.99
2025-08-08,24558.75,24350.85,6,10.53
2025-08-11,24360.65,24562.15,3,13.97
2025-08-12,24544.15,24485.85,2,12.98
2025-08-13,24582.3,24630.4,1,10.76
2025-08-14,24645.05,24616.05,0,10.57
2025-08-18,24919.4,24884.05,3,14.84
2025-08-19,24900.65,24989.7,2,12.82
2025-08-20,24959.3,25047.15,1,10.06
2025-08-21,25095.4,25076.95,0,9.83
2025-08-22,25052.2,24869.45,6,9.19
2025-08-25,24933.8,24978.55,3,10.49
2025-08-26,24910.45,24710.7,2,11.02
2025-08-28,24615.5,24533.1,0,11.65
2025-08-29,24542.1,24433.65,4,10.4
2025-09-01,24512.7,24624.3,1,10.76
2025-09-02,24675.75,24575.0,0,9.75
2025-09-03,24603.2,24713.6,6,10.21
2025-09-04,24876.6,24739.8,5,9.5
2025-09-05,24814.65,24743.95,4,8.29
2025-09-08,24804.95,24791.2,1,10.2
2025-09-09,24867.55,24878.8,0,9.8
2025-09-10,24971.0,24977.55,6,9.35
2025-09-11,24959.2,25008.1,5,8.86
2025-09-12,25063.3,25107.7,4,7.94
2025-09-15,25118.1,25069.7,1,9.51
2025-09-16,25094.8,25254.45,0,9.44
2025-09-17,25306.65,25330.15,6,8.89
2025-09-18,25418.75,25420.75,5,7.4
2025-09-19,25396.8,25352.5,4,7.08
2025-09-22,25242.45,25200.2,1,9.29
2025-09-23,25237.5,25185.8,0,9.55
2025-09-24,25110.25,25060.9,6,9.28
2025-09-25,25014.9,24904.55,5,8.51
2025-09-26,24823.75,24673.1,4,9.21
2025-09-29,24710.85,24677.55,1,10.95
2025-09-30,24710.3,24633.6,0,10.84
2025-10-01,24638.1,24853.4,6,9.57
2025-10-03,24796.7,24895.0,4,8.34
2025-10-06,24913.2,25072.55,1,9.16
2025-10-07,25122.45,25112.8,0,9.14
2025-10-08,25104.45,25023.8,6,8.85
2025-10-09,25075.8,25170.3,5,8.6
2025-10-10,25170.95,25278.2,4,8.04
2025-10-13,25213.5,25237.15,1,11.13
2025-10-14,25291.65,25123.35,0,10.16
2025-10-15,25220.75,25327.75,5,10.14
2025-10-16,25405.5,25566.3,4,9.67
2025-10-17,25552.2,25704.7,3,9.47
2025-10-20,25905.1,25850.7,0,10.2
2025-10-23,26018.05,25870.3,5,10.67
2025-10-24,25882.2,25797.45,4,10.3
2025-10-27,25871.7,25974.0,1,11.71
2025-10-28,25986.85,25965.4,0,13.23
2025-10-29,26009.4,26068.3,6,11.87
2025-10-30,25988.3,25891.2,5,11.0
2025-10-31,25833.6,25732.55,4,10.5
2025-11-03,25710.8,25774.3,1,12.06
2025-11-04,25768.55,25586.25,0,11.54
2025-11-06,25648.4,25519.95,5,10.82
2025-11-07,25371.15,25510.05,4,9.79
2025-11-10,25577.05,25574.25,1,11.6
2025-11-11,25612.75,25705.55,0,11.81
2025-11-12,25818.4,25874.0,6,11.12
2025-11-13,25844.35,25884.1,5,10.51
2025-11-14,25816.5,25916.8,4,11.9
2025-11-17,25920.25,26014.3,1,11.97
2025-11-18,25945.45,25894.7,0,11.74
2025-11-19,25893.5,26052.7,6,11.22
2025-11-20,26109.5,26197.4,5,10.67
2025-11-21,26111.1,26063.95,4,10.47
2025-11-24,26102.35,25943.35,1,11.97
2025-11-25,25935.1,25860.3,0,11.65
2025-11-26,25948.6,26203.5,6,10.23
2025-11-27,26236.0,26219.85,5,10.05
2025-11-28,26197.6,26204.55,4,9.54
2025-12-01,26276.4,26175.95,1,10.26
2025-12-02,26110.2,26057.0,0,10.62
2025-12-03,26008.8,25985.1,6,9.98
2025-12-04,25950.75,26017.1,5,9.72
2025-12-05,26004.95,26176.65,4,9.42
2025-12-08,26136.0,25932.8,1,9.99
2025-12-09,25858.3,25841.75,0,10.56
2025-12-10,25846.3,25742.65,6,10.08
2025-12-11,25759.0,25898.4,5,10.25
2025-12-12,25981.1,26043.0,4,8.75
2025-12-15,25959.0,26014.0,1,10.01
2025-12-16,25932.75,25851.35,0,9.63
2025-12-17,25863.65,25821.8,6,9.48
2025-12-18,25770.25,25815.65,5,9.04
2025-12-19,25917.45,25961.4,4,8.41
2025-12-22,26083.1,26162.75,1,9.09
2025-12-23,26169.35,26165.95,0,8.98
2025-12-24,26150.7,26141.65,6,7.81
2025-12-26,26107.8,26047.65,4,6.96
2025-12-29,26067.9,25949.8,1,8.43
2025-12-30,25902.25,25970.55,0,8.49
2025-12-31,26010.1,26141.85,6,8.2
2026-01-01,26183.5,26140.25,5,7.44
2026-01-02,26171.45,26335.7,4,6.49
2026-01-05,26328.25,26244.65,1,8.79
2026-01-06,26235.75,26174.65,0,9.08
2026-01-07,26111.65,26142.9,6,8.01
2026-01-08,26101.75,25868.9,5,7.35
2026-01-09,25898.05,25703.7,4,8.71
2026-01-12,25657.45,25806.1,1,11.72
2026-01-13,25853.0,25714.2,0,10.67
2026-01-14,25671.9,25669.1,6,10.4
2026-01-16,25711.65,25701.9,4,10.71
2026-01-19,25549.65,25555.5,1,10.91
2026-01-20,25558.05,25225.35,0,10.86
2026-01-21,25171.75,25168.1,6,12.68
2026-01-22,25332.45,25320.45,5,11.21
2026-01-23,25292.15,25064.75,4,11.55
2026-01-27,25113.05,25234.1,0,21.57
2026-01-28,25306.25,25348.05,6,18.83
2026-01-29,25263.95,25422.1,5,16.75
2026-01-30,25259.6,25315.8,4,18.64
2026-02-01,25279.0,24768.0,2,26.47
2026-02-02,24772.3,25079.9,1,17.84
2026-02-03,25784.45,25714.8,0,18.92
2026-02-04,25662.7,25737.5,6,13.59
2026-02-05,25723.5,25641.6,5,12.13
2026-02-06,25602.45,25673.6,4,11.31
2026-02-09,25832.65,25863.3,1,11.12
2026-02-10,25910.1,25916.8,0,10.5
2026-02-11,25976.05,25945.35,6,9.38
2026-02-12,25877.05,25796.15,5,9.69
2026-02-13,25589.4,25460.55,4,9.84
2026-02-16,25428.7,25682.45,1,12.1
2026-02-17,25605.85,25716.0,0,11.76
2026-02-18,25713.6,25805.7,6,10.44
2026-02-19,25846.2,25416.45,5,9.51
2026-02-20,25462.4,25565.9,4,11.88
2026-02-23,25634.4,25704.0,1,13.81
2026-02-24,25596.25,25460.25,0,14.26
2026-02-25,25548.3,25478.65,5,12.62
2026-02-26,25565.65,25493.3,4,12.54
2026-02-27,25400.65,25181.8,3,11.97
2026-03-02,24858.35,24849.75,0,18.81
2026-03-04,24401.25,24473.95,6,25.3
2026-03-05,24579.45,24737.45,5,20.8
2026-03-06,24611.25,24469.4,4,20.49
2026-03-09,23909.1,24005.8,1,32.46
2026-03-10,24195.8,24286.15,0,24.33
2026-03-11,24228.75,23848.2,6,19.84
2026-03-12,23585.9,23639.35,5,25.35
2026-03-13,23465.85,23170.9,4,23.71
2026-03-16,23155.35,23355.6,1,26.11
2026-03-17,23400.75,23558.8,0,23.75
2026-03-18,23671.7,23764.1,6,18.12
2026-03-19,23334.7,23087.85,5,20.22
2026-03-20,23211.45,23134.65,4,24.62
2026-03-23,22661.6,22492.65,1,30.47
2026-03-24,22851.25,22958.4,0,30.36
2026-03-25,23130.3,23309.0,5,26.96
2026-03-27,23071.35,22839.5,3,30.06
2026-03-30,22487.95,22379.2,0,34.89
2026-04-01,22843.45,22703.15,6,26.53
2026-04-02,22224.2,22700.7,5,29.14
2026-04-06,22690.0,22959.45,1,32.19
2026-04-07,22762.8,23129.95,0,31.43
2026-04-08,23844.7,24012.35,5,21.56
2026-04-09,23827.0,23766.05,4,19.78
2026-04-10,23893.25,24050.5,3,18.64
2026-04-13,23629.05,23818.9,0,22.79
2026-04-15,24232.9,24211.9,6,18.01
2026-04-16,24355.15,24188.4,5,16.42
2026-04-17,24177.8,24366.9,4,17.42
2026-04-20,24295.85,24330.9,1,18.89
2026-04-21,24427.2,24580.6,0,19.54
2026-04-22,24487.7,24367.65,6,18.36
2026-04-23,24153.95,24156.05,5,18.39
2026-04-24,24151.85,23903.95,4,16.97
2026-04-27,24028.1,24110.2,1,19.48
2026-04-28,24034.3,24016.5,0,17.43
2026-04-29,24106.35,24163.6,6,15.58
2026-04-30,23976.3,24043.7,5,16.4
2026-05-04,24182.45,24123.8,1,18.61
2026-05-05,24008.5,24052.15,0,18.48
2026-05-06,24205.6,24339.3,6,15.38
2026-05-07,24379.6,24336.4,5,15.93
2026-05-08,24198.25,24179.8,4,16.58
2026-05-11,23943.2,23820.35,1,18.66
2026-05-12,23732.8,23430.55,0,18.25
2026-05-13,23448.85,23428.7,6,18.86
2026-05-14,23534.35,23713.75,5,17.76
2026-05-15,23691.55,23659.35,4,17.89
2026-05-18,23404.85,23644.45,1,20.88
2026-05-19,23716.9,23606.2,0,18.44
2026-05-20,23421.2,23664.15,6,18.58
2026-05-21,23835.85,23648.6,5,16.51
2026-05-22,23692.65,23748.85,4,16.01
2026-05-25,23964.8,24049.9,1,15.43
2026-05-26,23970.9,23933.75,0,14.78
2026-05-27,23894.1,23920.65,6,13.78
2026-05-29,23971.85,23609.3,4,13.72
2026-06-01,23631.45,23379.2,1,16.42
2026-06-02,23255.65,23523.3,0,15.96
2026-06-03,23361.2,23396.95,6,16.82
2026-06-04,23281.8,23438.0,5,16.67
2026-06-05,23479.5,23368.85,4,16.47
2026-06-08,23099.75,23103.7,1,18.13
2026-06-09,23229.05,23257.75,0,15.94
2026-06-10,23290.4,23216.1,6,15.78
2026-06-11,23104.5,23186.55,5,15.35
2026-06-12,23425.4,23631.75,4,14.1
2026-06-15,23962.15,23856.55,1,14.01
2026-06-16,23909.35,23995.0,0,13.53
2026-06-17,24006.9,24081.95,6,13.33
2026-06-18,24077.15,24179.4,5,11.78
2026-06-19,23959.55,24042.7,4,12.45
2026-06-22,24098.25,24086.85,1,11.95
2026-06-23,24056.45,23795.25,0,10.89
2026-06-24,23841.4,24013.15,6,12.66
2026-06-25,24134.2,24052.95,5,10.24
2026-06-29,24087.7,23978.5,1,12.92
2026-06-30,23989.05,23917.75,0,13.88
2026-07-01,23904.65,23987.95,6,13.75
2026-07-02,24079.65,24167.2,5,11.69
2026-07-03,24317.3,24271.2,4,10.1
2026-07-06,24337.3,24423.95,1,10.96
2026-07-07,24464.4,24355.1,0,10.56
2026-07-08,24273.5,23895.7,6,11.87
2026-07-09,23959.1,23981.9,5,13.54
2026-07-10,24149.85,24211.65,4,11.67
2026-07-13,24021.55,24211.15,1,13.29
2026-07-14,24065.1,24035.15,0,14.19
2026-07-15,24100.35,24073.45,6,13.13
2026-07-16,24126.05,24081.1,5,11.93
2026-07-17,24151.25,24346.7,4,12.65
2026-07-20,24252.0,24239.5,1,13.72
2026-07-21,24242.85,24193.05,0,12.5
2026-07-22,24093.2,23991.05,6,12.74
2026-07-23,23894.6,23871.7,5,12.43
2026-07-24,23692.5,23787.0,4,12.86
2026-07-27,23941.05,24003.65,1,12.99
2026-07-28,24002.2,23987.8,0,11.58
2026-07-29,24166.15,24242.0,6,11.12
2026-07-30,24233.2,24296.6,5,10.49
2026-07-31,24361.65,24366.7,4,9.6
2026-08-03,24553.8,24774.3,1,10.48
2026-08-04,24602.45,24614.9,0,10.39
2026-08-05,24646.15,24624.65,6,10.71
2026-08-06,24628.05,24636.0,5,11.41
2026-08-07,24585.4,24570.65,4,12.78
2026-08-10,24566.95,24583.8,1,12.47
2026-08-11,24537.8,24471.7,0,11.81
2026-08-12,24441.45,24435.95,6,11.13
2026-08-13,24361.25,24395.85,5,10.24
2026-08-14,24327.75,24366.0,4,9.69
2026-08-17,24307.95,24287.65,1,10.43
2026-08-18,24244.35,24154.9,0,10.03
2026-08-19,24117.7,24078.3,6,10.4
2026-08-20,24214.4,24231.85,5,9.2
2026-08-21,24261.0,24252.0,4,9.39
2026-08-24,24297.35,24219.05,1,9.51
2026-08-25,24144.35,24334.55,0,9.76
2026-08-26,24337.3,24207.75,6,9.15
2026-08-27,24294.9,24090.85,5,9.62
2026-08-28,24121.25,24175.65,4,9.67
2026-08-31,24042.3,24080.4,1,10.68
2026-09-01,24036.5,24055.8,0,10.21
2026-09-02,23825.2,23914.45,6,12.08
2026-09-03,23976.1,23873.45,5,10.07
2026-09-04,23906.8,23897.7,4,10.48
2026-09-07,23838.4,23779.15,1,10.19
2026-09-08,23690.1,23635.1,0,10.35
2026-09-09,23494.95,23431.5,6,11.2
2026-09-10,23460.4,23477.8,5,10.52
2026-09-11,23246.25,23398.1,4,10.77
2026-09-15,23492.1,23118.6,0,12.27
2026-09-16,23229.25,23217.6,6,13.51
2026-09-17,23211.95,23270.6,5,12.27
2026-09-18,23335.25,23346.4,4,11.11
2026-09-21,23345.0,23414.3,1,10.95
2026-09-22,23451.85,23329.0,0,9.98
2026-09-23,23354.8,23446.8,6,10.13
2026-09-24,23258.6,23063.1,5,10.3
2026-09-25,23088.8,23140.5,4,11.74
2026-09-28,22974.6,22780.25,1,13.37
2026-09-29,22722.25,22716.2,0,14.53
