trade_id,strategy,date,side,sell_strike,entry_time,exit_time,entry_g,exit_g,sell_entry,sell_exit,reason,sell_pts,hedge_entry,hedge_exit,hedge_pts,hedge_note
1,Strategy A,2024-12-27,PE,23800,09:44,12:17,2654,2807,121.5,121.5,SL,0.0,5.05,3.95,-1.1,
2,Strategy A,2024-12-30,CE,23750,09:28,09:50,3013,3035,136.8,136.8,SL,0.0,1.7,1.65,-0.05,
3,Strategy A,2024-12-30,CE,23700,13:45,15:25,3270,3370,141.05,141.05,SL,0.0,1.5,1.35,-0.15,
4,Strategy A,2024-12-31,CE,23550,09:43,10:18,3403,3438,123.4,123.4,SL,0.0,1.55,1.8,0.25,
5,Strategy A,2025-01-01,PE,23600,13:52,14:55,4027,4090,142.05,142.05,SL,0.0,1.95,1.85,-0.1,
6,Strategy A,2025-01-02,PE,23600,09:55,15:29,4165,4499,121.95,32.0,EOD,89.95,6.4,2.75,-3.65,
7,Strategy A,2025-01-03,CE,24050,14:00,15:29,4785,4874,138.4,125.75,EOD,12.65,2.4,1.4,-1.0,
8,Strategy A,2025-01-06,CE,24050,09:34,09:43,4894,4903,123.25,123.25,SL,0.0,1.95,1.8,-0.15,
9,Strategy A,2025-01-06,CE,23950,10:41,15:29,4961,5249,130.8,69.7,EOD,61.1,2.04,2.29,0.25,
10,Strategy A,2025-01-07,CE,23750,09:50,10:14,5285,5309,120.1,140.1,SL,-20.0,2.15,2.04,-0.11,
11,Strategy A,2025-01-07,CE,23700,13:53,15:29,5528,5624,126.15,117.15,EOD,9.0,1.65,1.35,-0.3,
12,Strategy A,2025-01-08,CE,23800,09:28,13:31,5638,5881,152.19,117.65,SL,34.54,1.05,0.95,-0.1,
13,Strategy A,2025-01-08,PE,23600,14:11,15:29,5921,5999,146.3,140.94,EOD,5.36,1.1,0.85,-0.25,
14,Strategy A,2025-01-09,CE,23700,10:52,12:17,6097,6182,125.05,145.05,SL,-20.0,3.6,3.8,0.2,
15,Strategy A,2025-01-10,CE,23650,09:28,11:05,6388,6485,132.05,132.05,SL,0.0,2.1,2.04,-0.06,
16,Strategy A,2025-01-10,CE,23550,14:15,15:29,6675,6749,120.45,113.95,EOD,6.5,2.4,2.04,-0.36,
17,Strategy A,2025-01-13,CE,23300,09:47,10:02,6782,6797,123.65,143.65,SL,-20.0,2.95,3.35,0.4,
18,Strategy A,2025-01-13,CE,23250,11:38,15:29,6893,7124,137.4,80.09,EOD,57.31,3.25,3.85,0.6,
19,Strategy A,2025-01-15,CE,23300,09:37,10:39,7522,7584,149.8,169.8,SL,-20.0,1.0,0.95,-0.05,
20,Strategy A,2025-01-15,PE,23100,10:43,13:19,7588,7744,121.7,141.7,SL,-20.0,1.55,0.8,-0.75,
21,Strategy A,2025-01-15,CE,23300,13:15,15:29,7740,7874,144.25,146.0,EOD,-1.75,0.8,0.65,-0.15,
22,Strategy A,2025-01-16,PE,23300,09:32,09:51,7892,7911,134.15,154.15,SL,-20.0,7.35,8.55,1.2,
23,Strategy A,2025-01-17,CE,23300,09:43,10:00,8278,8295,125.75,145.75,SL,-20.0,2.95,2.7,-0.25,
24,Strategy A,2025-01-17,CE,23300,10:49,11:33,8344,8388,125.25,125.25,SL,0.0,2.8,2.65,-0.15,
25,Strategy A,2025-01-20,PE,23250,11:15,15:29,8745,8999,123.95,88.2,EOD,35.75,4.84,4.8,-0.04,
26,Strategy A,2025-01-21,CE,23250,10:21,11:45,9066,9150,141.19,141.19,SL,0.0,1.95,1.45,-0.5,
27,Strategy A,2025-01-21,CE,23200,12:17,12:56,9182,9221,140.0,160.0,SL,-20.0,1.65,1.6,-0.05,
28,Strategy A,2025-01-21,CE,23200,13:20,13:24,9245,9249,128.44,148.44,SL,-20.0,1.45,1.45,0.0,
29,Strategy A,2025-01-21,CE,23150,14:34,15:29,9319,9374,139.05,90.2,EOD,48.85,1.55,1.4,-0.15,
30,Strategy A,2025-01-22,CE,23300,11:10,14:10,9490,9670,132.6,121.2,SL,11.4,0.7,0.85,0.15,
31,Strategy A,2025-01-23,PE,23100,09:40,15:29,9775,10124,140.85,120.7,EOD,20.15,6.85,7.4,0.55,
32,Strategy A,2025-01-24,PE,23150,11:08,12:41,10238,10331,124.05,124.05,SL,0.0,4.95,5.15,0.2,
33,Strategy A,2025-01-24,CE,23250,13:37,13:53,10387,10403,135.0,155.0,SL,-20.0,2.9,2.9,0.0,
34,Strategy A,2025-01-24,CE,23250,14:12,15:29,10422,10499,133.19,105.4,EOD,27.79,2.7,2.6,-0.1,
35,Strategy A,2025-01-27,CE,23000,10:18,12:03,10563,10668,132.19,132.19,SL,0.0,2.95,2.9,-0.05,
36,Strategy A,2025-01-27,CE,22950,12:46,15:29,10711,10874,121.15,103.15,EOD,18.0,2.95,2.54,-0.41,
37,Strategy A,2025-01-28,PE,23050,12:19,14:47,11059,11207,135.0,135.0,SL,0.0,2.65,2.2,-0.45,
38,Strategy A,2025-01-30,PE,23200,09:30,13:57,11640,11907,135.25,67.34,SL,67.91,2.54,0.25,-2.29,
39,Strategy A,2025-01-30,CE,23000,14:33,14:42,11943,11952,154.5,174.5,SL,-20.0,0.4,0.25,-0.15,
40,Strategy A,2025-01-30,CE,23000,14:52,14:52,11962,11962,141.65,161.65,SL,-20.0,0.15,0.15,0.0,
41,Strategy A,2025-01-31,PE,22850,09:56,15:29,12041,12374,124.55,53.0,EOD,71.55,19.6,9.65,-9.95,
42,Strategy A,2025-02-01,PE,23300,09:31,11:02,12391,12482,130.0,130.0,SL,0.0,20.7,20.9,0.2,
43,Strategy A,2025-02-01,PE,23400,11:21,11:39,12501,12519,127.0,127.0,SL,0.0,18.39,19.7,1.31,
44,Strategy A,2025-02-01,CE,23700,11:51,11:57,12531,12537,133.3,133.3,SL,0.0,8.25,8.25,0.0,
45,Strategy A,2025-02-01,CE,23600,12:09,12:11,12549,12551,134.3,154.3,SL,-20.0,10.0,10.75,0.75,
46,Strategy A,2025-02-03,CE,23300,09:35,10:23,12770,12818,137.5,137.5,SL,0.0,2.95,2.4,-0.55,
47,Strategy A,2025-02-03,CE,23250,11:42,12:01,12897,12916,138.1,158.1,SL,-20.0,2.6,2.45,-0.15,
48,Strategy A,2025-02-04,PE,23400,09:45,10:14,13155,13184,150.9,170.9,SL,-20.0,2.29,2.1,-0.19,
49,Strategy A,2025-02-04,PE,23400,11:50,15:29,13280,13499,150.19,86.1,EOD,64.09,2.0,1.8,-0.2,
50,Strategy A,2025-02-05,PE,23600,13:53,15:01,13778,13846,116.7,130.9,SL,-14.2,1.05,1.14,0.09,
51,Strategy A,2025-02-06,CE,23800,11:02,15:29,13982,14249,133.6,123.0,EOD,10.6,3.0,2.35,-0.65,
52,Strategy A,2025-02-07,CE,23750,09:45,11:19,14280,14374,130.0,130.0,SL,0.0,2.5,1.65,-0.85,
53,Strategy A,2025-02-07,PE,23650,11:22,11:41,14377,14396,136.6,136.6,SL,0.0,3.95,3.4,-0.55,
54,Strategy A,2025-02-07,CE,23600,13:51,15:10,14526,14605,138.05,138.05,SL,0.0,2.15,2.04,-0.11,
55,Strategy A,2025-02-10,CE,23550,09:27,13:51,14637,14901,122.1,77.5,SL,44.6,1.8,1.45,-0.35,
56,Strategy A,2025-02-11,CE,23350,09:28,15:29,15013,15374,127.7,31.55,EOD,96.15,1.6,1.14,-0.46,
57,Strategy A,2025-02-12,CE,23200,09:28,11:44,15388,15524,140.1,140.1,SL,0.0,1.0,0.8,-0.2,
58,Strategy A,2025-02-13,PE,23100,09:52,13:15,15787,15990,154.0,143.05,SL,10.95,8.1,5.9,-2.2,
59,Strategy A,2025-02-13,CE,23200,15:27,15:29,16122,16124,114.25,116.0,EOD,-1.75,2.25,2.1,-0.15,
60,Strategy A,2025-02-14,CE,23150,09:35,09:39,16145,16149,135.0,155.0,SL,-20.0,2.25,2.2,-0.05,
61,Strategy A,2025-02-14,CE,23150,09:45,10:05,16155,16175,133.94,153.94,SL,-20.0,2.2,2.1,-0.1,
62,Strategy A,2025-02-14,CE,23150,10:35,14:20,16205,16430,125.75,80.0,SL,45.75,1.95,1.9,-0.05,
63,Strategy A,2025-02-17,CE,22900,09:54,10:20,16539,16565,121.85,141.85,SL,-20.0,1.85,1.85,0.0,
64,Strategy A,2025-02-17,PE,22950,13:44,13:55,16769,16780,135.6,155.6,SL,-20.0,4.09,4.2,0.11,
65,Strategy A,2025-02-17,PE,22950,14:58,15:29,16843,16874,133.65,125.75,EOD,7.9,3.45,3.35,-0.1,
66,Strategy A,2025-02-18,CE,22850,10:22,10:55,16942,16975,140.0,160.0,SL,-20.0,1.65,1.6,-0.05,
67,Strategy A,2025-02-18,CE,22850,11:09,11:45,16989,17025,133.25,153.25,SL,-20.0,1.55,1.55,0.0,
68,Strategy A,2025-02-18,PE,22950,13:44,14:04,17144,17164,124.55,144.55,SL,-20.0,1.95,1.8,-0.15,
69,Strategy A,2025-02-18,PE,22950,14:28,15:29,17188,17249,121.15,129.0,EOD,-7.85,1.5,1.3,-0.2,
70,Strategy A,2025-02-19,PE,22800,09:46,10:55,17281,17350,130.0,130.0,SL,0.0,0.85,0.7,-0.15,
71,Strategy A,2025-02-20,CE,23000,09:45,15:29,17655,17999,130.15,130.9,EOD,-0.75,3.05,2.0,-1.05,
72,Strategy A,2025-02-21,CE,22950,09:40,15:29,18025,18374,131.6,75.7,EOD,55.9,1.7,1.8,0.1,
73,Strategy A,2025-02-24,CE,22650,09:26,11:42,18386,18522,127.55,115.95,SL,11.6,2.1,2.29,0.19,
74,Strategy A,2025-02-24,CE,22550,12:14,14:36,18554,18696,146.25,146.25,SL,0.0,2.95,2.25,-0.7,
75,Strategy A,2025-02-25,PE,22600,12:56,15:09,18971,19104,138.0,144.55,SL,-6.55,1.7,0.95,-0.75,
76,Strategy A,2025-02-25,CE,22700,10:22,15:29,18817,19124,141.65,117.8,EOD,23.85,1.55,0.95,-0.6,
77,Strategy A,2025-02-27,CE,22700,09:26,15:29,19136,19499,107.75,89.85,EOD,17.9,2.35,1.4,-0.95,
78,Strategy A,2025-02-28,CE,22400,09:26,15:29,19511,19874,141.1,56.0,EOD,85.1,1.9,1.4,-0.5,
79,Strategy A,2025-03-03,CE,22200,09:44,12:14,19904,20054,123.15,77.84,SL,45.31,1.55,1.2,-0.35,
80,Strategy A,2025-03-05,PE,22100,09:27,15:29,20637,20999,123.15,75.95,EOD,47.2,0.8,0.4,-0.4,
81,Strategy A,2025-03-06,PE,22400,13:41,15:29,21266,21374,114.15,101.9,EOD,12.25,5.25,4.0,-1.25,
82,Strategy A,2025-03-07,PE,22550,09:34,09:37,21394,21397,137.55,157.55,SL,-20.0,4.09,4.09,0.0,
83,Strategy A,2025-03-07,PE,22550,10:04,10:54,21424,21474,131.69,131.69,SL,0.0,3.8,3.55,-0.25,
84,Strategy A,2025-03-07,PE,22600,11:14,11:47,21494,21527,124.75,144.75,SL,-20.0,3.65,3.75,0.1,
85,Strategy A,2025-03-10,PE,22650,09:42,10:03,21777,21798,138.5,138.5,SL,0.0,2.9,2.55,-0.35,
86,Strategy A,2025-03-10,CE,22500,13:45,15:29,22020,22124,144.25,93.0,EOD,51.25,1.1,1.0,-0.1,
87,Strategy A,2025-03-12,CE,22500,11:38,13:04,22643,22729,116.3,116.55,SL,-0.25,0.8,0.65,-0.15,
88,Strategy A,2025-03-12,PE,22500,15:11,15:13,22856,22858,138.4,138.4,SL,0.0,0.95,0.95,0.0,
89,Strategy A,2025-03-13,CE,22400,14:24,15:29,23184,23249,144.2,137.5,EOD,6.7,1.65,1.4,-0.25,
90,Strategy A,2025-03-17,PE,22600,09:31,09:54,23266,23289,120.0,140.0,SL,-20.0,2.54,2.25,-0.29,
91,Strategy A,2025-03-18,PE,22600,09:32,12:33,23642,23823,128.94,112.5,SL,16.44,1.45,1.35,-0.1,
92,Strategy A,2025-03-18,PE,22700,13:15,15:29,23865,23999,127.3,97.7,EOD,29.6,1.6,1.7,0.1,
93,Strategy A,2025-03-19,PE,22900,10:16,15:29,24061,24374,145.0,134.75,EOD,10.25,1.1,1.55,0.45,
94,Strategy A,2025-03-21,PE,23200,09:32,13:40,24767,25015,123.2,79.34,SL,43.86,3.4,3.35,-0.05,
95,Strategy A,2025-03-24,PE,23550,09:56,15:29,25166,25499,132.44,69.05,EOD,63.39,4.05,4.95,0.9,
96,Strategy A,2025-03-25,PE,23800,09:37,10:15,25522,25560,140.05,140.05,SL,0.0,5.2,5.65,0.45,
97,Strategy A,2025-03-25,CE,23650,15:26,15:29,25871,25874,122.1,118.0,EOD,4.1,1.5,1.5,0.0,
98,Strategy A,2025-03-26,CE,23800,09:45,09:56,25905,25916,144.15,164.15,SL,-20.0,1.14,1.14,0.0,
99,Strategy A,2025-03-26,CE,23800,11:58,15:29,26038,26249,133.44,81.9,EOD,51.54,0.95,1.1,0.15,
100,Strategy A,2025-03-27,PE,23600,14:56,15:29,26591,26624,122.75,118.75,EOD,4.0,7.8,6.25,-1.55,
101,Strategy A,2025-03-28,CE,23600,09:35,09:57,26645,26667,125.4,145.4,SL,-20.0,4.34,3.9,-0.44,
102,Strategy A,2025-03-28,PE,23650,10:34,11:16,26704,26746,136.6,156.6,SL,-20.0,5.55,5.55,0.0,
103,Strategy A,2025-03-28,CE,23550,12:22,14:29,26812,26939,138.0,124.2,SL,13.8,3.45,3.1,-0.35,
104,Strategy A,2025-04-01,CE,23600,10:24,15:29,27069,27374,118.3,56.65,EOD,61.65,1.65,1.2,-0.45,
105,Strategy A,2025-04-02,PE,23300,15:02,15:29,27722,27749,150.19,150.19,EOD,0.0,2.0,2.15,0.15,
106,Strategy A,2025-04-04,CE,23050,09:50,15:29,28160,28499,136.0,55.85,EOD,80.15,2.2,1.6,-0.6,
107,Strategy A,2025-04-11,PE,22550,09:37,10:36,29647,29706,120.5,140.5,SL,-20.0,21.0,23.25,2.25,
108,Strategy A,2025-04-11,PE,22600,11:00,13:30,29730,29880,126.25,125.8,SL,0.45,19.6,25.85,6.25,
109,Strategy A,2025-04-15,PE,23300,09:32,15:05,30017,30350,134.0,98.5,SL,35.5,9.6,4.34,-5.26,
110,Strategy A,2025-04-16,PE,23200,09:42,10:24,30402,30444,124.05,144.05,SL,-20.0,1.45,1.25,-0.2,
111,Strategy A,2025-04-16,PE,23300,13:59,15:29,30659,30749,149.19,149.9,EOD,-0.71,1.75,2.0,0.25,
112,Strategy A,2025-04-17,PE,23300,09:47,10:09,30782,30804,140.25,160.25,SL,-20.0,14.1,13.55,-0.55,
113,Strategy A,2025-04-17,PE,23300,10:50,11:03,30845,30858,136.69,156.69,SL,-20.0,13.85,13.8,-0.05,
114,Strategy A,2025-04-17,PE,23300,11:16,15:29,30871,31124,135.4,54.0,EOD,81.4,14.05,11.9,-2.15,
115,Strategy A,2025-04-21,PE,23900,09:37,13:41,31147,31391,127.1,56.85,SL,70.25,9.25,7.9,-1.35,
116,Strategy A,2025-04-22,PE,24000,10:06,15:29,31551,31874,128.15,125.0,EOD,3.15,7.5,5.0,-2.5,
117,Strategy A,2025-04-24,PE,24200,09:34,09:40,32269,32275,118.9,138.9,SL,-20.0,20.65,21.25,0.6,
118,Strategy A,2025-04-25,CE,24350,09:38,12:18,32648,32808,140.0,56.35,SL,83.65,5.0,2.75,-2.25,
119,Strategy A,2025-04-28,PE,24250,09:38,09:41,33023,33026,122.25,142.25,SL,-20.0,12.3,13.55,1.25,
120,Strategy A,2025-04-28,PE,24300,10:05,10:29,33050,33074,140.1,140.1,SL,0.0,12.55,13.55,1.0,
121,Strategy A,2025-04-28,PE,24350,10:52,11:13,33097,33118,138.0,158.0,SL,-20.0,13.15,13.3,0.15,
122,Strategy A,2025-04-28,PE,24350,11:40,14:24,33145,33309,132.3,118.45,SL,13.85,12.45,15.0,2.55,
123,Strategy A,2025-04-29,CE,24600,15:00,15:29,33720,33749,118.0,114.25,EOD,3.75,1.14,0.7,-0.44,
124,Strategy A,2025-05-02,PE,24300,09:26,10:56,34136,34226,129.3,129.3,SL,0.0,21.6,16.05,-5.55,
125,Strategy A,2025-05-02,CE,24450,11:34,13:19,34264,34369,137.0,137.0,SL,0.0,3.55,3.55,0.0,
126,Strategy A,2025-05-02,CE,24350,14:38,14:41,34448,34451,138.0,158.0,SL,-20.0,3.8,3.8,0.0,
127,Strategy A,2025-05-02,CE,24350,15:28,15:29,34498,34499,137.0,143.9,EOD,-6.9,3.3,3.25,-0.05,
128,Strategy A,2025-05-05,PE,24500,09:54,10:56,34539,34601,130.55,130.55,SL,0.0,14.0,14.4,0.4,
129,Strategy A,2025-05-06,CE,24700,09:30,15:29,34890,35249,113.85,72.95,EOD,40.9,1.75,1.14,-0.61,
130,Strategy A,2025-05-08,PE,24200,10:01,13:21,35671,35871,125.55,138.94,SL,-13.39,19.85,28.15,8.3,
131,Strategy A,2025-05-08,CE,24500,13:23,15:29,35873,35999,137.65,99.9,EOD,37.75,4.3,2.8,-1.5,
132,Strategy A,2025-05-09,CE,24200,10:05,10:11,36050,36056,134.1,154.1,SL,-20.0,4.84,5.55,0.71,
133,Strategy A,2025-05-09,CE,24200,13:05,15:29,36230,36374,131.35,132.25,EOD,-0.9,3.55,3.5,-0.05,
134,Strategy A,2025-05-12,PE,24550,09:26,15:29,36386,36749,130.3,76.34,EOD,53.96,12.0,10.7,-1.3,
135,Strategy A,2025-05-13,CE,24700,13:01,15:29,36976,37124,133.19,90.25,EOD,42.94,4.5,2.5,-2.0,
136,Strategy A,2025-05-14,CE,24550,12:39,13:03,37329,37353,129.85,129.85,SL,0.0,1.45,1.4,-0.05,
137,Strategy A,2025-05-15,CE,24800,09:44,10:31,37529,37576,122.8,142.8,SL,-20.0,4.55,4.45,-0.1,
138,Strategy A,2025-05-15,PE,24500,10:39,10:39,37584,37584,123.5,143.5,SL,-20.0,13.8,12.15,-1.65,
139,Strategy A,2025-05-15,PE,24600,10:40,10:42,37585,37587,150.35,150.35,SL,0.0,14.15,14.3,0.15,
140,Strategy A,2025-05-15,PE,24600,13:14,15:29,37739,37874,125.0,70.0,EOD,55.0,14.75,11.55,-3.2,
141,Strategy A,2025-05-16,PE,24950,09:30,09:34,37890,37894,137.75,157.75,SL,-20.0,15.2,16.14,0.94,
142,Strategy A,2025-05-16,PE,24950,13:28,14:31,38128,38191,127.2,147.2,SL,-20.0,11.35,12.4,1.05,
143,Strategy A,2025-05-19,PE,24950,10:16,12:02,38311,38417,122.05,142.05,SL,-20.0,7.85,7.75,-0.1,
144,Strategy A,2025-05-19,CE,25050,13:03,15:29,38478,38624,132.55,98.7,EOD,33.85,3.85,3.3,-0.55,
145,Strategy A,2025-05-20,CE,24950,09:28,10:37,38638,38707,129.94,129.94,SL,0.0,3.95,3.35,-0.6,
146,Strategy A,2025-05-20,CE,24900,11:52,15:29,38782,38999,124.6,60.6,EOD,64.0,3.2,2.29,-0.91,
147,Strategy A,2025-05-21,CE,25000,12:16,12:21,39181,39186,125.3,145.3,SL,-20.0,1.14,1.05,-0.09,
148,Strategy A,2025-05-22,CE,24800,09:30,14:40,39390,39700,151.6,118.0,SL,33.6,9.5,5.95,-3.55,
149,Strategy A,2025-05-23,PE,24600,09:34,11:49,39769,39904,125.6,125.6,SL,0.0,8.69,10.9,2.21,
150,Strategy A,2025-05-23,PE,24750,14:26,14:44,40061,40079,132.0,152.0,SL,-20.0,10.35,11.0,0.65,
151,Strategy A,2025-05-26,PE,24850,09:28,10:26,40138,40196,117.8,137.8,SL,-20.0,7.95,9.3,1.35,
152,Strategy A,2025-05-27,CE,25000,09:27,09:33,40512,40518,132.9,152.9,SL,-20.0,3.35,3.05,-0.3,
153,Strategy A,2025-05-27,CE,25000,09:57,11:04,40542,40609,126.05,146.05,SL,-20.0,3.0,2.5,-0.5,
154,Strategy A,2025-05-27,CE,24950,14:17,15:09,40802,40854,128.44,148.44,SL,-20.0,3.4,2.7,-0.7,
155,Strategy A,2025-05-28,CE,24950,09:28,09:44,40888,40904,121.0,121.0,SL,0.0,2.4,2.0,-0.4,
156,Strategy A,2025-05-28,CE,24850,10:02,10:54,40922,40974,126.6,146.6,SL,-20.0,2.25,2.5,0.25,
157,Strategy A,2025-05-28,CE,24800,11:24,12:32,41004,41072,128.1,148.1,SL,-20.0,2.45,2.25,-0.2,
158,Strategy A,2025-05-28,CE,24750,13:41,15:29,41141,41249,137.3,107.1,EOD,30.2,2.0,1.85,-0.15,
159,Strategy A,2025-05-29,PE,24700,10:05,10:16,41300,41311,145.55,165.55,SL,-20.0,10.6,10.25,-0.35,
160,Strategy A,2025-05-29,CE,25100,09:33,12:59,41268,41474,122.45,106.6,SL,15.85,6.7,5.45,-1.25,
161,Strategy A,2025-05-29,PE,24700,15:00,15:29,41595,41624,144.3,122.5,EOD,21.8,7.4,5.7,-1.7,
162,Strategy A,2025-05-30,CE,24950,11:43,13:56,41773,41906,132.69,152.69,SL,-20.0,4.34,4.84,0.5,
163,Strategy A,2025-06-02,CE,24700,09:31,10:00,42016,42045,130.1,150.1,SL,-20.0,5.75,5.1,-0.65,
164,Strategy A,2025-06-03,CE,24700,13:16,15:29,42616,42749,136.9,82.35,EOD,54.55,3.45,1.8,-1.65,
165,Strategy A,2025-06-04,PE,24400,10:03,15:29,42798,43124,134.75,113.0,EOD,21.75,0.8,0.6,-0.2,
166,Strategy A,2025-06-05,PE,24600,09:33,14:02,43143,43412,131.65,125.0,SL,6.65,8.4,7.05,-1.35,
167,Strategy A,2025-06-06,CE,24800,09:34,10:06,43519,43551,135.9,155.9,SL,-20.0,4.05,4.95,0.9,
168,Strategy A,2025-06-06,PE,24750,10:30,15:29,43575,43874,127.0,72.3,EOD,54.7,5.35,5.5,0.15,
169,Strategy A,2025-06-09,PE,25100,10:49,15:29,43969,44249,129.0,129.55,EOD,-0.55,4.35,4.35,0.0,
170,Strategy A,2025-06-10,CE,25300,09:30,09:38,44265,44273,138.7,158.7,SL,-20.0,1.35,1.2,-0.15,
171,Strategy A,2025-06-10,PE,25000,10:02,14:46,44297,44581,139.6,135.3,SL,4.3,2.35,2.0,-0.35,
172,Strategy A,2025-06-10,CE,25300,11:21,15:29,44376,44624,134.85,111.55,EOD,23.3,1.25,0.95,-0.3,
173,Strategy A,2025-06-11,PE,25000,09:29,13:46,44639,44896,120.3,103.6,SL,16.7,0.9,1.0,0.1,
174,Strategy A,2025-06-12,PE,25100,09:32,09:39,45017,45024,119.0,139.0,SL,-20.0,6.85,7.1,0.25,
175,Strategy A,2025-06-12,CE,25200,10:00,15:29,45045,45374,141.9,59.85,EOD,82.05,2.6,1.95,-0.65,
176,Strategy A,2025-06-16,PE,24850,10:32,15:29,45827,46124,131.55,92.0,EOD,39.55,8.25,9.75,1.5,
177,Strategy A,2025-06-18,PE,24700,09:28,10:56,46513,46601,124.9,144.9,SL,-20.0,1.8,1.35,-0.45,
178,Strategy A,2025-06-18,CE,25000,11:32,14:59,46637,46844,123.45,130.75,SL,-7.3,0.85,0.85,0.0,
179,Strategy A,2025-06-20,PE,24800,09:42,12:34,47277,47449,128.5,84.55,SL,43.95,9.7,9.3,-0.4,
180,Strategy A,2025-06-20,PE,25000,13:07,15:29,47482,47624,124.1,113.8,EOD,10.3,12.6,14.65,2.05,
181,Strategy A,2025-06-23,CE,24900,09:45,10:39,47655,47709,126.25,146.25,SL,-20.0,2.1,2.05,-0.05,
182,Strategy A,2025-06-24,PE,25100,10:17,10:41,48062,48086,143.15,163.15,SL,-20.0,4.15,3.85,-0.3,
183,Strategy A,2025-06-24,PE,25100,11:07,12:40,48112,48205,141.15,141.15,SL,0.0,4.0,3.65,-0.35,
184,Strategy A,2025-06-25,PE,25200,13:29,15:29,48629,48749,150.9,158.35,EOD,-7.45,2.45,2.2,-0.25,
185,Strategy A,2025-06-26,PE,25200,09:26,10:40,48761,48835,123.8,123.8,SL,0.0,12.1,11.05,-1.05,
186,Strategy A,2025-06-26,PE,25300,12:05,15:29,48920,49124,132.7,85.7,EOD,47.0,10.5,7.35,-3.15,
187,Strategy A,2025-06-27,PE,25550,10:51,15:29,49221,49499,124.25,90.6,EOD,33.65,7.85,5.85,-2.0,
188,Strategy A,2025-06-30,CE,25550,12:34,15:29,49699,49874,142.25,113.95,EOD,28.3,2.0,2.05,0.05,
189,Strategy A,2025-07-01,CE,25500,11:01,12:20,49981,50060,121.2,131.3,SL,-10.1,1.75,1.6,-0.15,
190,Strategy A,2025-07-01,PE,25650,14:14,15:29,50174,50249,136.1,144.45,EOD,-8.35,2.05,1.5,-0.55,
191,Strategy A,2025-07-02,CE,25700,09:43,15:29,50278,50624,122.2,82.5,EOD,39.7,0.8,0.5,-0.3,
192,Strategy A,2025-07-03,PE,25500,11:08,11:42,50738,50772,121.3,138.35,SL,-17.05,6.0,6.3,0.3,
193,Strategy A,2025-07-03,CE,25500,14:31,15:29,50941,50999,138.0,125.25,EOD,12.75,2.75,2.3,-0.45,
194,Strategy A,2025-07-04,CE,25450,09:36,14:35,51021,51320,130.05,130.05,SL,0.0,2.3,1.9,-0.4,
195,Strategy A,2025-07-08,CE,25600,10:31,12:34,51826,51949,124.8,135.2,SL,-10.4,0.9,0.85,-0.05,
196,Strategy A,2025-07-08,PE,25400,09:30,15:29,51765,52124,132.25,101.35,EOD,30.9,1.9,1.6,-0.3,
197,Strategy A,2025-07-09,PE,25500,09:57,13:04,52167,52354,136.0,131.0,SL,5.0,1.05,0.8,-0.25,
198,Strategy A,2025-07-09,CE,25600,14:30,15:29,52440,52499,120.2,114.2,EOD,6.0,0.7,0.55,-0.15,
199,Strategy A,2025-07-10,CE,25500,09:29,14:06,52514,52791,136.3,114.45,SL,21.85,2.2,2.2,0.0,
200,Strategy A,2025-07-10,CE,25400,14:59,15:29,52844,52874,137.6,127.35,EOD,10.25,2.6,2.0,-0.6,
201,Strategy A,2025-07-11,CE,25300,10:01,15:29,52921,53249,121.0,70.0,EOD,51.0,2.0,1.7,-0.3,
202,Strategy A,2025-07-14,CE,25200,09:35,09:50,53270,53285,137.95,157.95,SL,-20.0,1.75,1.6,-0.15,
203,Strategy A,2025-07-14,CE,25200,11:28,14:26,53383,53561,135.05,141.0,SL,-5.95,1.6,1.6,0.0,
204,Strategy A,2025-07-15,PE,25100,09:29,09:41,53639,53651,129.75,149.75,SL,-20.0,1.45,1.4,-0.05,
205,Strategy A,2025-07-15,PE,25100,10:38,15:29,53708,53999,126.4,88.5,EOD,37.9,1.4,1.05,-0.35,
206,Strategy A,2025-07-16,CE,25200,10:37,11:53,54082,54158,125.65,143.0,SL,-17.35,0.7,0.65,-0.05,
207,Strategy A,2025-07-16,PE,25200,13:14,15:29,54239,54374,124.0,125.85,EOD,-1.85,0.7,0.9,0.2,
208,Strategy A,2025-07-17,CE,25200,10:30,11:12,54450,54492,122.45,142.45,SL,-20.0,2.55,2.5,-0.05,
209,Strategy A,2025-07-17,CE,25200,14:17,15:29,54677,54749,122.0,106.05,EOD,15.95,2.2,1.8,-0.4,
210,Strategy A,2025-07-18,CE,25100,09:42,14:29,54777,55064,123.65,91.2,SL,32.45,2.05,1.85,-0.2,
211,Strategy A,2025-07-21,CE,25000,09:29,09:43,55139,55153,145.75,165.75,SL,-20.0,1.95,1.7,-0.25,
212,Strategy A,2025-07-21,PE,25000,15:00,15:29,55470,55499,120.2,107.0,EOD,13.2,2.15,1.7,-0.45,
213,Strategy A,2025-07-22,CE,25100,14:38,15:29,55823,55874,140.8,140.85,EOD,-0.05,1.25,0.75,-0.5,
214,Strategy A,2025-07-23,PE,25200,12:09,15:29,56049,56249,137.75,105.0,EOD,32.75,0.8,1.0,0.2,
215,Strategy A,2025-07-24,CE,25100,11:57,13:49,56412,56524,136.65,136.65,SL,0.0,3.45,2.9,-0.55,
216,Strategy A,2025-07-25,CE,24900,10:14,15:29,56684,56999,140.6,97.25,EOD,43.35,2.55,3.05,0.5,
217,Strategy A,2025-07-28,CE,24900,12:50,15:29,57215,57374,135.1,117.0,EOD,18.1,2.2,2.1,-0.1,
218,Strategy A,2025-07-29,PE,24800,14:16,15:29,57676,57749,142.15,129.05,EOD,13.1,2.2,1.25,-0.95,
219,Strategy A,2025-07-30,PE,24800,09:34,09:52,57769,57787,118.4,138.4,SL,-20.0,1.2,0.95,-0.25,
220,Strategy A,2025-07-30,PE,24800,11:16,15:29,57871,58124,115.4,114.75,EOD,0.65,1.05,0.7,-0.35,
221,Strategy A,2025-07-31,PE,24900,13:12,14:30,58362,58440,136.65,156.65,SL,-20.0,10.55,10.9,0.35,
222,Strategy A,2025-08-01,CE,24750,09:28,09:33,58513,58518,120.2,140.2,SL,-20.0,2.4,2.6,0.2,
223,Strategy A,2025-08-01,CE,24750,11:18,13:31,58623,58756,120.15,120.15,SL,0.0,2.45,2.35,-0.1,
224,Strategy A,2025-08-01,CE,24700,13:38,15:29,58763,58874,120.55,87.5,EOD,33.05,2.55,1.8,-0.75,
225,Strategy A,2025-08-04,PE,24750,13:46,15:29,59146,59249,129.4,119.15,EOD,10.25,3.9,2.8,-1.1,
226,Strategy A,2025-08-05,CE,24700,09:48,12:12,59283,59427,153.7,165.95,SL,-12.25,1.35,1.15,-0.2,
227,Strategy A,2025-08-05,CE,24700,13:04,15:09,59479,59604,144.0,148.0,SL,-4.0,1.1,0.65,-0.45,
228,Strategy A,2025-08-06,CE,24700,10:04,10:21,59674,59691,127.3,147.3,SL,-20.0,0.8,0.75,-0.05,
229,Strategy A,2025-08-06,CE,24700,10:35,15:29,59705,59999,122.5,108.5,EOD,14.0,0.7,0.65,-0.05,
230,Strategy A,2025-08-07,CE,24600,09:58,14:17,60043,60302,108.25,83.55,SL,24.7,1.9,1.9,0.0,
231,Strategy A,2025-08-07,PE,24600,15:05,15:29,60350,60374,128.05,102.0,EOD,26.05,5.6,4.75,-0.85,
232,Strategy A,2025-08-08,CE,24400,15:12,15:29,60732,60749,130.1,126.6,EOD,3.5,2.4,2.2,-0.2,
233,Strategy A,2025-08-11,PE,24550,12:53,13:12,60968,60987,139.8,139.8,SL,0.0,2.8,2.8,0.0,
234,Strategy A,2025-08-11,PE,24600,13:40,15:29,61015,61124,143.35,116.5,EOD,26.85,3.1,3.05,-0.05,
235,Strategy A,2025-08-12,PE,24600,09:31,10:28,61141,61198,135.25,135.25,SL,0.0,2.4,2.2,-0.2,
236,Strategy A,2025-08-12,CE,24600,15:26,15:29,61496,61499,120.2,118.5,EOD,1.7,0.75,0.75,0.0,
237,Strategy A,2025-08-13,PE,24700,13:48,15:29,61773,61874,147.7,148.55,EOD,-0.85,1.4,1.4,0.0,
238,Strategy A,2025-08-14,PE,24700,09:45,10:00,61905,61920,137.15,157.15,SL,-20.0,7.3,7.7,0.4,
239,Strategy A,2025-08-18,PE,25000,09:27,11:56,62262,62411,138.0,138.0,SL,0.0,3.7,3.0,-0.7,
240,Strategy A,2025-08-19,CE,25000,09:36,11:09,62646,62739,134.35,154.35,SL,-20.0,1.2,1.05,-0.15,
241,Strategy A,2025-08-19,PE,24900,10:46,15:29,62716,62999,122.05,94.7,EOD,27.35,1.7,1.35,-0.35,
242,Strategy A,2025-08-20,CE,25000,09:31,09:47,63016,63032,127.3,147.3,SL,-20.0,0.65,0.65,0.0,
243,Strategy A,2025-08-20,PE,25000,10:37,15:29,63082,63374,128.05,105.7,EOD,22.35,1.25,1.25,0.0,
244,Strategy A,2025-08-21,PE,25200,10:04,13:41,63424,63641,151.35,171.35,SL,-20.0,6.7,6.2,-0.5,
245,Strategy A,2025-08-21,PE,25200,14:07,15:22,63667,63742,142.1,162.1,SL,-20.0,5.4,4.5,-0.9,
246,Strategy A,2025-08-22,CE,25100,09:29,15:29,63764,64124,138.6,92.2,EOD,46.4,1.5,1.7,0.2,
247,Strategy A,2025-08-25,CE,25000,10:05,11:45,64175,64275,129.0,149.0,SL,-20.0,1.4,1.3,-0.1,
248,Strategy A,2025-08-25,PE,25000,12:33,14:23,64323,64433,114.55,123.15,SL,-8.6,2.05,2.3,0.25,
249,Strategy A,2025-08-26,CE,24900,09:30,11:20,64515,64625,106.0,104.2,SL,1.8,1.3,2.05,0.75,
250,Strategy A,2025-08-26,CE,24800,12:33,15:29,64698,64874,135.5,111.05,EOD,24.45,2.15,1.0,-1.15,
251,Strategy A,2025-08-28,CE,24600,09:32,09:40,64892,64900,113.2,133.2,SL,-20.0,4.85,5.15,0.3,
252,Strategy A,2025-08-28,CE,24600,12:59,14:23,65099,65183,112.05,125.85,SL,-13.8,2.15,1.9,-0.25,
253,Strategy A,2025-08-28,CE,24500,14:45,15:29,65205,65249,153.25,144.9,EOD,8.35,2.1,1.5,-0.6,
254,Strategy A,2025-08-29,PE,24500,10:38,13:01,65333,65476,127.0,133.85,SL,-6.85,1.95,1.9,-0.05,
255,Strategy A,2025-08-29,CE,24700,09:34,14:21,65269,65556,122.95,119.4,SL,3.55,1.35,0.85,-0.5,
256,Strategy A,2025-08-29,CE,24600,14:29,15:29,65564,65624,138.85,123.9,EOD,14.95,1.0,0.95,-0.05,
257,Strategy A,2025-09-01,PE,24600,09:34,15:29,65644,65999,151.5,100.05,EOD,51.45,1.15,1.2,0.05,
258,Strategy A,2025-09-02,PE,24700,09:33,13:18,66018,66243,121.0,101.0,SL,20.0,5.1,5.05,-0.05,
259,Strategy A,2025-09-02,CE,24600,14:03,14:45,66288,66330,138.0,158.0,SL,-20.0,2.2,1.85,-0.35,
260,Strategy A,2025-09-03,CE,24550,09:43,09:51,66403,66411,134.4,154.4,SL,-20.0,1.85,1.8,-0.05,
261,Strategy A,2025-09-03,CE,24550,11:05,11:43,66485,66523,133.55,153.55,SL,-20.0,1.8,1.8,0.0,
262,Strategy A,2025-09-05,CE,24800,12:17,13:39,67307,67389,113.25,133.25,SL,-20.0,1.3,1.05,-0.25,
263,Strategy A,2025-09-08,PE,24800,09:31,14:48,67516,67833,115.1,102.0,SL,13.1,1.2,1.3,0.1,
264,Strategy A,2025-09-10,PE,24900,09:27,13:14,68262,68489,120.95,119.85,SL,1.1,3.45,3.45,0.0,
265,Strategy A,2025-09-11,PE,25000,09:26,15:29,68636,68999,133.1,119.95,EOD,13.15,3.4,2.95,-0.45,
266,Strategy A,2025-09-12,PE,25100,10:01,15:29,69046,69374,133.25,111.45,EOD,21.8,2.3,2.75,0.45,
267,Strategy A,2025-09-15,CE,25100,14:11,15:29,69671,69749,147.8,151.0,EOD,-3.2,0.8,0.6,-0.2,
268,Strategy A,2025-09-16,PE,25200,09:29,15:29,69764,70124,150.15,77.3,EOD,72.85,5.65,4.55,-1.1,
269,Strategy A,2025-09-17,CE,25500,09:27,09:37,70137,70147,111.0,126.15,SL,-15.15,1.35,1.3,-0.05,
270,Strategy A,2025-09-17,PE,25300,09:34,14:05,70144,70415,123.9,120.0,SL,3.9,4.35,4.15,-0.2,
271,Strategy A,2025-09-18,PE,25500,10:42,12:35,70587,70700,144.6,156.85,SL,-12.25,3.85,3.65,-0.2,
272,Strategy A,2025-09-18,PE,25500,15:06,15:29,70851,70874,139.8,142.4,EOD,-2.6,3.3,3.05,-0.25,
273,Strategy A,2025-09-19,CE,25400,09:31,13:01,70891,71101,149.4,141.4,SL,8.0,1.0,0.95,-0.05,
274,Strategy A,2025-09-22,CE,25300,14:35,15:29,71570,71624,134.0,123.6,EOD,10.4,1.2,1.25,0.05,
275,Strategy A,2025-09-23,CE,25300,09:28,12:16,71638,71806,109.05,89.6,SL,19.45,1.6,1.9,0.3,
276,Strategy A,2025-09-24,CE,25300,09:27,13:03,72012,72228,116.0,126.6,SL,-10.6,1.5,1.35,-0.15,
277,Strategy A,2025-09-24,PE,25100,13:00,14:42,72225,72327,123.15,137.35,SL,-14.2,4.0,3.7,-0.3,
278,Strategy A,2025-09-24,CE,25200,14:58,15:29,72343,72374,138.3,140.55,EOD,-2.25,1.5,1.45,-0.05,
279,Strategy A,2025-09-25,CE,25100,10:36,13:04,72456,72604,152.55,151.1,SL,1.45,2.15,2.25,0.1,
280,Strategy A,2025-09-25,CE,25100,14:11,15:29,72671,72749,135.85,115.7,EOD,20.15,2.0,1.7,-0.3,
281,Strategy A,2025-09-26,CE,24900,09:29,12:55,72764,72970,152.4,143.0,SL,9.4,2.0,1.85,-0.15,
282,Strategy A,2025-09-26,CE,24900,13:14,15:29,72989,73124,128.0,89.4,EOD,38.6,2.0,2.05,0.05,
283,Strategy A,2025-09-29,CE,24800,12:02,13:10,73292,73360,124.05,124.05,SL,0.0,1.6,1.6,0.0,
284,Strategy A,2025-09-30,CE,24700,10:09,10:56,73554,73601,148.45,148.45,SL,0.0,3.55,3.95,0.4,
285,Strategy A,2025-09-30,CE,24700,14:10,15:29,73795,73874,124.9,122.3,EOD,2.6,2.7,1.9,-0.8,
286,Strategy A,2025-10-01,CE,24600,10:05,10:30,73925,73950,147.0,167.0,SL,-20.0,2.15,1.9,-0.25,
287,Strategy A,2025-10-01,PE,24800,11:15,15:29,73995,74249,140.1,61.0,EOD,79.1,3.95,2.4,-1.55,
288,Strategy A,2025-10-03,PE,24900,12:05,12:34,74420,74449,146.8,166.8,SL,-20.0,2.6,2.3,-0.3,
289,Strategy A,2025-10-03,PE,24900,13:13,14:15,74488,74550,141.35,161.35,SL,-20.0,2.5,2.45,-0.05,
290,Strategy A,2025-10-03,PE,24900,14:36,15:29,74571,74624,141.0,111.2,EOD,29.8,2.7,2.25,-0.45,
291,Strategy A,2025-10-06,PE,25000,09:41,15:29,74651,74999,146.75,73.75,EOD,73.0,1.65,1.75,0.1,
292,Strategy A,2025-10-07,PE,25200,09:40,11:21,75025,75126,134.65,134.65,SL,0.0,6.2,5.2,-1.0,
293,Strategy A,2025-10-07,PE,25300,13:01,14:28,75226,75313,154.35,154.35,SL,0.0,4.45,4.9,0.45,
294,Strategy A,2025-10-08,PE,25200,09:26,10:20,75386,75440,138.4,158.4,SL,-20.0,4.1,4.05,-0.05,
295,Strategy A,2025-10-08,CE,25200,10:54,12:48,75474,75588,140.7,125.0,SL,15.7,1.6,1.5,-0.1,
296,Strategy A,2025-10-08,CE,25100,15:12,15:29,75732,75749,141.65,153.15,EOD,-11.5,1.65,1.55,-0.1,
297,Strategy A,2025-10-09,PE,25200,11:35,14:20,75890,76055,128.65,145.75,SL,-17.1,3.4,2.9,-0.5,
298,Strategy A,2025-10-09,PE,25200,15:03,15:29,76098,76124,121.05,122.55,EOD,-1.5,3.05,2.45,-0.6,
299,Strategy A,2025-10-10,PE,25300,09:29,15:29,76139,76499,137.9,100.65,EOD,37.25,2.6,2.75,0.15,
300,Strategy A,2025-10-14,CE,25200,11:15,14:31,76995,77191,150.65,133.2,SL,17.45,2.7,1.9,-0.8,
301,Strategy A,2025-10-15,PE,25300,09:30,09:41,77265,77276,150.1,170.1,SL,-20.0,4.8,4.95,0.15,
302,Strategy A,2025-10-15,PE,25300,10:21,15:29,77316,77624,147.5,118.05,EOD,29.45,4.65,5.45,0.8,
303,Strategy A,2025-10-16,PE,25500,09:26,15:29,77636,77999,154.0,110.7,EOD,43.3,4.5,3.2,-1.3,
304,Strategy A,2025-10-17,PE,25600,10:07,12:52,78052,78217,128.85,122.15,SL,6.7,3.05,2.55,-0.5,
305,Strategy A,2025-10-23,PE,26200,12:28,13:00,78943,78975,128.1,148.1,SL,-20.0,7.1,6.9,-0.2,
306,Strategy A,2025-10-24,CE,26100,10:18,11:46,79188,79276,122.75,122.75,SL,0.0,1.65,1.95,0.3,
307,Strategy A,2025-10-24,CE,26000,13:23,15:29,79373,79499,132.6,124.0,EOD,8.6,1.65,2.05,0.4,
308,Strategy A,2025-10-27,PE,26000,11:59,13:17,79664,79742,142.0,161.5,SL,-19.5,3.55,2.95,-0.6,
309,Strategy A,2025-10-27,PE,26000,15:28,15:29,79873,79874,137.2,135.95,EOD,1.25,3.65,3.3,-0.35,
310,Strategy A,2025-10-28,CE,26000,14:05,15:13,80165,80233,143.3,163.3,SL,-20.0,3.9,4.15,0.25,
311,Strategy A,2025-10-29,PE,26100,10:32,11:19,80327,80374,131.25,151.25,SL,-20.0,6.3,6.0,-0.3,
312,Strategy A,2025-10-29,PE,26100,11:45,14:03,80400,80538,130.05,130.05,SL,0.0,5.65,6.3,0.65,
313,Strategy A,2025-10-30,CE,26000,09:33,10:14,80643,80684,127.1,127.1,SL,0.0,2.7,2.6,-0.1,
314,Strategy A,2025-10-30,CE,25950,12:01,15:29,80791,80999,123.0,114.2,EOD,8.8,2.8,2.3,-0.5,
315,Strategy A,2025-10-31,CE,26000,10:31,12:04,81076,81169,139.0,139.0,SL,0.0,2.05,2.15,0.1,
316,Strategy A,2025-10-31,CE,26000,13:26,15:29,81251,81374,115.7,114.0,EOD,1.7,2.2,1.8,-0.4,
317,Strategy A,2025-11-03,CE,25800,09:30,09:39,81390,81399,152.0,172.0,SL,-20.0,1.65,1.55,-0.1,
318,Strategy A,2025-11-04,CE,25800,09:26,15:29,81761,82124,147.7,70.4,EOD,77.3,4.15,2.1,-2.05,
319,Strategy A,2025-11-06,CE,25650,09:32,12:49,82142,82339,129.25,98.35,SL,30.9,2.55,2.1,-0.45,
320,Strategy A,2025-11-06,CE,25500,13:49,15:29,82399,82499,145.0,134.0,EOD,11.0,2.75,1.95,-0.8,
321,Strategy A,2025-11-07,CE,25500,09:32,11:13,82517,82618,143.15,163.15,SL,-20.0,1.9,1.55,-0.35,
322,Strategy A,2025-11-10,PE,25600,09:51,13:44,82911,83144,143.6,128.5,SL,15.1,1.65,1.55,-0.1,
323,Strategy A,2025-11-11,CE,25600,10:33,11:53,83328,83408,137.0,157.0,SL,-20.0,3.6,3.25,-0.35,
324,Strategy A,2025-11-11,PE,25700,13:36,15:29,83511,83624,149.5,115.9,EOD,33.6,6.85,5.9,-0.95,
325,Strategy A,2025-11-12,PE,25900,10:34,14:22,83704,83932,130.0,119.85,SL,10.15,6.4,6.7,0.3,
326,Strategy A,2025-11-13,PE,26000,10:32,12:36,84077,84201,143.0,126.8,SL,16.2,6.75,7.55,0.8,
327,Strategy A,2025-11-13,PE,26050,13:36,13:58,84261,84283,132.85,152.85,SL,-20.0,8.85,8.0,-0.85,
328,Strategy A,2025-11-14,CE,25800,10:02,10:54,84422,84474,136.05,156.05,SL,-20.0,2.75,2.45,-0.3,
329,Strategy A,2025-11-14,CE,25800,13:39,15:00,84639,84720,120.25,140.25,SL,-20.0,2.1,1.9,-0.2,
330,Strategy A,2025-11-17,PE,25900,09:26,15:29,84761,85124,123.0,101.6,EOD,21.4,1.7,1.75,0.05,
331,Strategy A,2025-11-18,CE,26000,15:09,15:29,85479,85499,134.1,127.95,EOD,6.15,2.85,2.65,-0.2,
332,Strategy A,2025-11-19,PE,26000,11:45,13:35,85650,85760,135.7,128.85,SL,6.85,6.05,6.25,0.2,
333,Strategy A,2025-11-19,PE,26050,14:15,15:29,85800,85874,130.55,130.8,EOD,-0.25,6.55,5.6,-0.95,
334,Strategy A,2025-11-20,PE,26150,10:38,15:29,85958,86249,129.65,81.2,EOD,48.45,5.1,4.2,-0.9,
335,Strategy A,2025-11-21,CE,26300,14:55,15:29,86590,86624,124.55,114.0,EOD,10.55,0.95,1.0,0.05,
336,Strategy A,2025-11-24,CE,26200,11:52,15:29,86782,86999,153.05,92.95,EOD,60.1,0.85,1.35,0.5,
337,Strategy A,2025-11-25,CE,26100,09:50,10:00,87035,87045,114.9,134.9,SL,-20.0,2.6,2.6,0.0,
338,Strategy A,2025-11-25,CE,26100,10:57,12:01,87102,87166,112.6,132.6,SL,-20.0,2.0,1.65,-0.35,
339,Strategy A,2025-11-25,CE,26000,14:30,15:29,87315,87374,150.05,106.7,EOD,43.35,2.2,1.85,-0.35,
340,Strategy A,2025-11-26,PE,26050,09:43,15:29,87403,87749,122.15,65.4,EOD,56.75,3.9,4.55,0.65,
341,Strategy A,2025-11-27,PE,26350,09:59,11:46,87794,87901,133.6,151.55,SL,-17.95,5.4,5.0,-0.4,
342,Strategy A,2025-11-27,CE,26150,13:26,13:54,88001,88029,124.2,144.2,SL,-20.0,1.55,1.45,-0.1,
343,Strategy A,2025-11-28,PE,26300,10:45,12:16,88215,88306,149.95,169.95,SL,-20.0,3.25,2.95,-0.3,
344,Strategy A,2025-12-01,CE,26300,11:43,15:29,88648,88874,147.5,120.8,EOD,26.7,0.85,0.75,-0.1,
345,Strategy A,2025-12-03,CE,26050,09:33,11:39,89268,89394,112.3,98.75,SL,13.55,2.15,2.05,-0.1,
346,Strategy A,2025-12-03,CE,25950,13:47,14:13,89522,89548,125.15,145.15,SL,-20.0,2.4,2.25,-0.15,
347,Strategy A,2025-12-04,PE,26000,09:36,11:45,89646,89775,139.0,139.0,SL,0.0,3.25,2.7,-0.55,
348,Strategy A,2025-12-05,PE,26100,10:03,10:29,90048,90074,144.8,144.8,SL,0.0,1.9,1.7,-0.2,
349,Strategy A,2025-12-05,PE,26200,11:02,13:57,90107,90282,149.0,133.0,SL,16.0,2.0,2.25,0.25,
350,Strategy A,2025-12-08,CE,26100,12:30,15:29,90570,90749,150.0,97.95,EOD,52.05,1.05,1.9,0.85,
351,Strategy A,2025-12-09,CE,25900,09:28,10:18,90763,90813,133.95,133.95,SL,0.0,4.2,4.25,0.05,
352,Strategy A,2025-12-10,PE,26000,10:20,10:41,91190,91211,135.4,155.4,SL,-20.0,4.4,4.3,-0.1,
353,Strategy A,2025-12-10,CE,25850,12:01,13:19,91291,91369,127.05,127.05,SL,0.0,2.45,2.5,0.05,
354,Strategy A,2025-12-10,CE,25800,14:03,15:29,91413,91499,127.9,122.7,EOD,5.2,2.55,2.75,0.2,
355,Strategy A,2025-12-11,CE,25750,09:37,10:04,91522,91549,136.95,136.95,SL,0.0,2.75,2.6,-0.15,
356,Strategy A,2025-12-11,PE,26000,14:29,14:44,91814,91829,131.35,151.35,SL,-20.0,3.25,2.9,-0.35,
357,Strategy A,2025-12-12,PE,26000,09:28,10:24,91888,91944,126.45,146.45,SL,-20.0,2.4,2.35,-0.05,
358,Strategy A,2025-12-12,PE,26100,12:34,15:29,92074,92249,153.5,143.1,EOD,10.4,2.6,2.8,0.2,
359,Strategy A,2025-12-15,CE,26000,09:30,10:18,92265,92313,134.9,154.9,SL,-20.0,1.1,1.05,-0.05,
360,Strategy A,2025-12-16,CE,26000,09:30,13:46,92640,92896,119.8,113.0,SL,6.8,3.1,2.5,-0.6,
361,Strategy A,2025-12-16,CE,25900,14:18,15:29,92928,92999,145.1,128.95,EOD,16.15,2.65,2.2,-0.45,
362,Strategy A,2025-12-17,CE,25850,09:52,14:18,93037,93303,142.65,118.0,SL,24.65,2.4,2.45,0.05,
363,Strategy A,2025-12-18,CE,25900,09:42,10:17,93402,93437,137.0,157.0,SL,-20.0,2.2,1.9,-0.3,
364,Strategy A,2025-12-18,PE,25900,12:18,14:02,93558,93662,132.05,151.5,SL,-19.45,3.1,2.9,-0.2,
365,Strategy A,2025-12-19,PE,26000,09:28,11:30,93763,93885,149.4,154.9,SL,-5.5,2.9,2.85,-0.05,
366,Strategy A,2025-12-19,PE,26000,13:36,15:29,94011,94124,134.4,124.9,EOD,9.5,2.7,2.5,-0.2,
367,Strategy A,2025-12-22,PE,26200,09:26,15:29,94136,94499,142.0,128.05,EOD,13.95,2.0,2.0,0.0,
368,Strategy A,2025-12-23,PE,26300,14:14,14:44,94799,94829,145.05,157.0,SL,-11.95,4.9,4.65,-0.25,
369,Strategy A,2025-12-24,PE,26200,09:30,13:32,94890,95132,115.65,135.65,SL,-20.0,3.65,2.25,-1.4,
370,Strategy A,2025-12-24,CE,26300,13:09,15:29,95109,95249,128.65,107.7,EOD,20.95,1.14,1.0,-0.14,
371,Strategy A,2025-12-26,CE,26200,09:35,15:29,95270,95624,118.3,89.0,EOD,29.3,1.0,1.3,0.3,
372,Strategy A,2025-12-29,CE,26100,09:55,15:29,95665,95999,128.65,82.0,EOD,46.65,1.0,0.95,-0.05,
373,Strategy A,2025-12-30,CE,25900,13:10,13:35,96235,96260,137.0,152.35,SL,-15.35,2.5,2.5,0.0,
374,Strategy A,2025-12-31,CE,26100,09:27,09:29,96387,96389,143.0,159.85,SL,-16.85,1.45,1.4,-0.05,
375,Strategy A,2025-12-31,CE,26100,09:44,10:31,96404,96451,141.0,161.0,SL,-20.0,1.35,1.25,-0.1,
376,Strategy A,2025-12-31,PE,26000,09:28,15:29,96388,96749,115.75,72.7,EOD,43.05,2.7,2.95,0.25,
377,Strategy A,2026-01-02,PE,26300,09:28,15:29,97138,97499,150.1,98.35,EOD,51.75,2.04,1.95,-0.09,
378,Strategy A,2026-01-05,CE,26300,13:49,15:29,97774,97874,140.0,105.25,EOD,34.75,0.7,0.6,-0.1,
379,Strategy A,2026-01-06,CE,26200,11:15,15:29,97995,98249,137.25,113.45,EOD,23.8,1.85,1.6,-0.25,
380,Strategy A,2026-01-07,PE,26200,10:04,11:56,98299,98411,151.3,159.35,SL,-8.05,2.85,2.45,-0.4,
381,Strategy A,2026-01-07,CE,26200,12:42,15:00,98457,98595,145.3,155.65,SL,-10.35,1.45,1.2,-0.25,
382,Strategy A,2026-01-08,CE,26200,09:26,15:29,98636,98999,121.35,60.8,EOD,60.55,1.4,1.14,-0.26,
383,Strategy A,2026-01-12,CE,25700,09:27,12:15,99387,99555,140.6,136.05,SL,4.55,2.15,1.65,-0.5,
384,Strategy A,2026-01-12,PE,25800,14:55,15:29,99715,99749,139.15,135.05,EOD,4.1,2.15,1.9,-0.25,
385,Strategy A,2026-01-14,CE,25650,13:40,14:39,100390,100449,139.1,139.1,SL,0.0,2.9,2.8,-0.1,
386,Strategy A,2026-01-16,PE,25700,09:48,12:30,100533,100695,122.75,122.75,SL,0.0,3.0,3.1,0.1,
387,Strategy A,2026-01-19,CE,25600,10:00,13:51,100920,101151,150.0,170.0,SL,-20.0,1.75,1.4,-0.35,
388,Strategy A,2026-01-20,CE,25600,09:27,15:29,101262,101624,123.05,46.55,EOD,76.5,4.9,3.3,-1.6,
389,Strategy A,2026-01-21,CE,25200,10:42,11:12,101712,101742,110.0,110.0,SL,0.0,5.0,5.85,0.85,
390,Strategy A,2026-01-22,PE,25450,09:48,09:55,102033,102040,138.2,158.2,SL,-20.0,20.15,14.85,-5.3,
391,Strategy A,2026-01-23,CE,25200,11:47,12:42,102527,102582,125.85,145.85,SL,-20.0,2.5,2.4,-0.1,
392,Strategy A,2026-01-23,CE,25150,13:12,15:29,102612,102749,143.0,78.7,EOD,64.3,2.65,3.2,0.55,
393,Strategy A,2026-01-27,PE,25000,15:11,15:29,103106,103124,141.25,120.0,EOD,21.25,18.85,14.6,-4.25,
394,Strategy A,2026-01-28,PE,25100,09:29,09:38,103139,103148,128.75,148.75,SL,-20.0,18.5,20.55,2.05,
395,Strategy A,2026-01-28,PE,25100,11:14,12:24,103244,103314,125.15,132.8,SL,-7.65,18.0,17.7,-0.3,
396,Strategy A,2026-01-28,CE,25450,13:22,14:50,103372,103460,127.55,147.55,SL,-20.0,7.8,7.75,-0.05,
397,Strategy A,2026-01-28,PE,25150,14:55,15:29,103465,103499,125.8,117.3,EOD,8.5,13.15,9.85,-3.3,
398,Strategy A,2026-01-29,CE,25400,09:37,11:17,103522,103622,133.6,153.6,SL,-20.0,7.2,7.75,0.55,
399,Strategy A,2026-01-29,PE,25200,12:50,15:29,103715,103874,131.05,94.95,EOD,36.1,12.1,7.95,-4.15,
400,Strategy A,2026-02-01,CE,25400,12:11,12:11,104426,104426,127.2,147.2,SL,-20.0,7.65,6.2,-1.45,
401,Strategy A,2026-02-01,CE,25350,12:12,15:29,104427,104624,134.95,18.85,EOD,116.1,6.9,3.0,-3.9,
402,Strategy A,2026-02-02,CE,24700,11:09,11:30,104739,104760,129.5,149.5,SL,-20.0,2.9,2.45,-0.45,
403,Strategy A,2026-02-03,PE,25850,10:32,10:48,105077,105093,141.6,141.6,SL,0.0,4.75,4.65,-0.1,
404,Strategy A,2026-02-03,PE,25900,11:03,11:09,105108,105114,149.2,169.2,SL,-20.0,3.95,4.1,0.15,
405,Strategy A,2026-02-03,PE,25900,11:23,12:29,105128,105194,144.0,144.0,SL,0.0,3.5,3.0,-0.5,
406,Strategy A,2026-02-04,PE,25700,09:44,10:25,105404,105445,130.65,150.65,SL,-20.0,13.9,12.3,-1.6,
407,Strategy A,2026-02-04,PE,25700,12:27,15:21,105567,105741,124.55,124.55,SL,0.0,9.6,11.65,2.05,
408,Strategy A,2026-02-05,CE,25700,09:27,09:31,105762,105766,141.1,161.1,SL,-20.0,5.5,5.55,0.05,
409,Strategy A,2026-02-05,CE,25700,09:38,15:00,105773,106095,139.0,124.25,SL,14.75,5.4,5.2,-0.2,
410,Strategy A,2026-02-06,CE,25550,09:32,11:20,106142,106250,133.0,132.6,SL,0.4,4.1,4.1,0.0,
411,Strategy A,2026-02-06,PE,25700,14:41,15:29,106451,106499,131.0,116.8,EOD,14.2,6.25,7.75,1.5,
412,Strategy A,2026-02-09,PE,25800,10:05,15:29,106550,106874,134.95,130.0,EOD,4.95,3.95,6.0,2.05,
413,Strategy A,2026-02-10,PE,25900,09:33,13:23,106893,107123,121.1,117.25,SL,3.85,11.4,8.7,-2.7,
414,Strategy A,2026-02-11,CE,25950,12:34,15:29,107449,107624,124.95,128.5,EOD,-3.55,3.7,3.75,0.05,
415,Strategy A,2026-02-12,CE,26000,09:30,15:29,107640,107999,133.3,114.0,EOD,19.3,3.45,2.65,-0.8,
416,Strategy A,2026-02-13,CE,25700,09:29,12:27,108014,108192,152.2,148.35,SL,3.85,3.45,3.15,-0.3,
417,Strategy A,2026-02-13,CE,25700,13:47,15:29,108272,108374,128.9,113.3,EOD,15.6,3.8,4.15,0.35,
418,Strategy A,2026-02-16,PE,25500,14:28,15:29,108688,108749,118.35,95.2,EOD,23.15,4.4,4.5,0.1,
419,Strategy A,2026-02-17,PE,25600,10:19,13:57,108814,109032,122.3,107.5,SL,14.8,10.8,9.8,-1.0,
420,Strategy A,2026-02-18,PE,25750,09:33,09:54,109143,109164,132.0,152.0,SL,-20.0,9.35,9.35,0.0,
421,Strategy A,2026-02-18,PE,25750,12:58,15:29,109348,109499,125.45,97.8,EOD,27.65,9.95,10.3,0.35,
422,Strategy A,2026-02-19,CE,25900,11:48,15:29,109653,109874,115.8,63.2,EOD,52.6,3.7,3.3,-0.4,
423,Strategy A,2026-02-20,CE,25400,09:29,09:30,109889,109890,132.6,152.6,SL,-20.0,5.25,4.85,-0.4,
424,Strategy A,2026-02-23,PE,25600,09:30,09:53,110265,110288,117.45,137.45,SL,-20.0,6.0,5.55,-0.45,
425,Strategy A,2026-02-24,CE,25700,09:30,15:29,110640,110999,124.45,82.95,EOD,41.5,4.4,3.35,-1.05,
426,Strategy A,2026-02-25,PE,25600,09:26,12:32,111011,111197,129.25,129.25,SL,0.0,10.85,9.9,-0.95,
427,Strategy A,2026-02-25,CE,25500,13:00,14:18,111225,111303,138.4,148.85,SL,-10.45,4.09,3.7,-0.39,
428,Strategy A,2026-02-26,CE,25500,11:42,14:40,111522,111700,125.1,116.85,SL,8.25,2.85,2.55,-0.3,
429,Strategy A,2026-02-27,CE,25600,09:27,14:00,111762,112035,131.5,118.9,SL,12.6,1.6,1.75,0.15,
430,Strategy A,2026-02-27,CE,25500,14:32,15:29,112067,112124,139.35,114.5,EOD,24.85,2.05,1.9,-0.15,
431,Strategy A,2026-03-02,CE,25000,12:15,14:04,112305,112414,150.3,146.55,SL,3.75,9.3,7.7,-1.6,
432,Strategy A,2026-03-05,PE,24350,12:32,13:55,113072,113155,122.6,142.6,SL,-20.0,25.3,27.7,2.4,
433,Strategy A,2026-03-05,CE,24750,13:57,14:37,113157,113197,131.55,151.55,SL,-20.0,4.95,4.8,-0.15,
434,Strategy A,2026-03-05,PE,24350,14:37,15:29,113197,113249,120.1,95.7,EOD,24.4,23.95,14.75,-9.2,
435,Strategy A,2026-03-06,CE,24750,14:42,14:50,113577,113585,121.9,121.9,SL,0.0,4.35,4.1,-0.25,
436,Strategy A,2026-03-09,CE,23950,09:45,09:52,113655,113662,130.3,150.3,SL,-20.0,8.0,7.8,-0.2,
437,Strategy A,2026-03-09,CE,23950,10:25,10:51,113695,113721,127.9,147.9,SL,-20.0,6.8,6.95,0.15,
438,Strategy A,2026-03-10,PE,23800,11:42,12:14,114147,114179,138.7,158.7,SL,-20.0,28.0,30.65,2.65,
439,Strategy A,2026-03-10,PE,23800,12:56,14:34,114221,114319,137.6,137.6,SL,0.0,27.65,26.35,-1.3,
440,Strategy A,2026-03-10,PE,23900,14:49,15:29,114334,114374,138.6,130.0,EOD,8.6,28.3,26.5,-1.8,
441,Strategy A,2026-03-11,CE,24500,09:39,15:29,114399,114749,124.95,65.25,EOD,59.7,6.9,6.1,-0.8,
442,Strategy A,2026-03-12,CE,23950,14:50,15:29,115085,115124,126.5,124.95,EOD,1.55,8.3,7.55,-0.75,
443,Strategy A,2026-03-13,CE,23650,09:46,11:28,115156,115258,135.0,125.5,SL,9.5,9.1,8.3,-0.8,
444,Strategy A,2026-03-13,CE,23600,12:08,14:28,115298,115438,125.25,105.95,SL,19.3,8.65,8.2,-0.45,
445,Strategy A,2026-03-13,CE,23400,15:04,15:29,115474,115499,134.05,146.5,EOD,-12.45,10.7,11.95,1.25,
446,Strategy A,2026-03-16,CE,23250,10:16,11:15,115561,115620,119.4,119.4,SL,0.0,4.5,4.35,-0.15,
447,Strategy A,2026-03-16,PE,23200,14:21,15:29,115806,115874,132.4,85.65,EOD,46.75,8.3,4.35,-3.95,
448,Strategy A,2026-03-17,PE,22800,09:35,11:30,115895,116010,120.25,120.25,SL,0.0,29.85,25.4,-4.45,
449,Strategy A,2026-03-17,PE,23100,13:30,15:29,116130,116249,127.15,109.0,EOD,18.15,20.7,25.45,4.75,
450,Strategy A,2026-03-18,PE,23450,09:50,09:57,116285,116292,121.65,141.65,SL,-20.0,25.0,26.65,1.65,
451,Strategy A,2026-03-18,PE,23500,10:58,14:34,116353,116569,129.5,118.8,SL,10.7,26.45,23.5,-2.95,
452,Strategy A,2026-03-19,CE,23450,09:46,10:39,116656,116709,136.35,156.35,SL,-20.0,7.7,7.65,-0.05,
453,Strategy A,2026-03-19,CE,23450,11:14,15:20,116744,116990,126.65,107.8,SL,18.85,7.4,8.05,0.65,
454,Strategy A,2026-03-23,CE,22850,09:53,13:42,117413,117642,120.55,102.85,SL,17.7,5.4,5.25,-0.15,
455,Strategy A,2026-03-23,CE,22700,14:32,14:44,117692,117704,127.5,147.5,SL,-20.0,6.2,6.25,0.05,
456,Strategy A,2026-03-23,CE,22650,15:04,15:29,117724,117749,127.05,122.6,EOD,4.45,6.55,8.1,1.55,
457,Strategy A,2026-03-24,CE,23200,10:34,11:35,117829,117890,127.55,147.55,SL,-20.0,10.7,11.05,0.35,
458,Strategy A,2026-03-24,PE,22200,12:27,12:29,117942,117944,120.45,140.45,SL,-20.0,31.45,33.25,1.8,
459,Strategy A,2026-03-24,PE,22300,12:36,14:21,117951,118056,138.15,138.15,SL,0.0,33.7,31.75,-1.95,
460,Strategy A,2026-03-25,PE,22700,09:29,14:23,118139,118433,127.55,95.8,SL,31.75,22.35,18.55,-3.8,
461,Strategy A,2026-03-27,CE,23300,09:30,13:17,118515,118742,133.55,99.5,SL,34.05,5.5,4.9,-0.6,
462,Strategy A,2026-03-27,CE,23150,13:32,15:29,118757,118874,123.45,80.0,EOD,43.45,6.75,6.8,0.05,
463,Strategy A,2026-03-30,CE,23400,10:11,12:05,118931,119045,123.0,112.95,SL,10.05,13.15,12.1,-1.05,
464,Strategy A,2026-03-30,CE,23200,12:52,15:29,119092,119249,139.25,108.1,EOD,31.15,16.65,12.4,-4.25,
465,Strategy A,2026-04-01,PE,22400,09:28,09:34,119263,119269,130.3,150.3,SL,-20.0,24.4,28.9,4.5,
466,Strategy A,2026-04-01,PE,22400,09:52,10:23,119287,119318,127.9,147.9,SL,-20.0,25.75,27.25,1.5,
467,Strategy A,2026-04-01,PE,22400,13:07,13:25,119482,119500,121.15,138.75,SL,-17.6,20.7,24.15,3.45,
468,Strategy A,2026-04-02,CE,22650,10:07,11:57,119677,119787,128.0,131.9,SL,-3.9,11.65,10.35,-1.3,
469,Strategy A,2026-04-06,PE,22500,09:36,09:41,120021,120026,130.1,150.1,SL,-20.0,9.5,10.75,1.25,
470,Strategy A,2026-04-06,PE,22500,11:56,15:29,120161,120374,121.2,48.35,EOD,72.85,6.6,4.25,-2.35,
471,Strategy A,2026-04-07,PE,22200,10:01,15:29,120421,120749,131.05,94.9,EOD,36.15,24.45,21.0,-3.45,
472,Strategy A,2026-04-08,PE,23600,09:37,15:29,120772,121124,121.5,71.25,EOD,50.25,20.25,13.35,-6.9,
473,Strategy A,2026-04-09,CE,24000,12:48,15:29,121338,121499,120.45,109.8,EOD,10.65,4.6,2.95,-1.65,
474,Strategy A,2026-04-10,PE,23900,09:46,14:15,121531,121800,128.6,103.2,SL,25.4,5.95,5.2,-0.75,
475,Strategy A,2026-04-10,PE,24050,15:05,15:29,121850,121874,140.0,138.1,EOD,1.9,6.5,6.6,0.1,
476,Strategy A,2026-04-16,PE,24200,09:27,09:37,122637,122647,117.15,137.15,SL,-20.0,9.5,10.75,1.25,
477,Strategy A,2026-04-16,CE,24300,12:33,13:50,122823,122900,125.65,125.65,SL,0.0,3.2,2.75,-0.45,
478,Strategy A,2026-04-17,PE,24250,13:39,15:29,123264,123374,136.0,107.05,EOD,28.95,5.75,5.7,-0.05,
479,Strategy A,2026-04-20,PE,24400,10:30,13:00,123450,123600,130.05,125.9,SL,4.15,4.1,3.65,-0.45,
480,Strategy A,2026-04-21,PE,24100,09:35,15:29,123770,124124,130.8,90.8,EOD,40.0,17.85,12.35,-5.5,
481,Strategy A,2026-04-22,CE,24650,09:30,13:58,124140,124408,125.05,122.8,SL,2.25,4.45,3.4,-1.05,
482,Strategy A,2026-04-22,CE,24550,15:07,15:29,124477,124499,136.95,142.1,EOD,-5.15,3.9,4.1,0.2,
483,Strategy A,2026-04-23,CE,24300,12:30,13:19,124695,124744,127.3,147.3,SL,-20.0,4.55,4.45,-0.1,
484,Strategy A,2026-04-23,CE,24300,14:34,15:29,124819,124874,123.5,123.2,EOD,0.3,4.2,3.65,-0.55,
485,Strategy A,2026-04-24,CE,24200,09:27,14:30,124887,125190,118.4,69.35,SL,49.05,2.95,2.7,-0.25,
486,Strategy A,2026-04-27,PE,23800,09:50,10:32,125285,125327,136.75,156.75,SL,-20.0,1.35,1.2,-0.15,
487,Strategy A,2026-04-27,CE,24300,11:38,12:31,125393,125446,146.05,166.05,SL,-20.0,0.95,0.95,0.0,
488,Strategy A,2026-04-27,PE,23800,13:14,15:29,125489,125624,131.15,119.45,EOD,11.7,1.05,1.1,0.05,
489,Strategy A,2026-04-28,PE,23900,09:41,11:23,125651,125753,134.3,125.65,SL,8.65,9.15,7.65,-1.5,
490,Strategy A,2026-04-28,CE,24200,13:35,15:29,125885,125999,130.0,129.8,EOD,0.2,5.2,5.65,0.45,
491,Strategy A,2026-04-29,PE,24000,09:29,13:39,126014,126264,132.3,82.15,SL,50.15,8.1,6.0,-2.1,
492,Strategy A,2026-04-30,CE,24000,09:27,09:44,126387,126404,130.7,150.7,SL,-20.0,5.1,5.45,0.35,
493,Strategy A,2026-04-30,CE,24000,10:00,12:15,126420,126555,125.5,145.5,SL,-20.0,5.25,5.35,0.1,
494,Strategy A,2026-05-04,PE,24300,09:35,09:53,126770,126788,134.45,134.45,SL,0.0,3.45,3.2,-0.25,
495,Strategy A,2026-05-05,CE,24200,10:07,12:22,127177,127312,145.95,135.55,SL,10.4,5.4,4.85,-0.55,
496,Strategy A,2026-05-05,PE,23900,15:19,15:29,127489,127499,128.45,125.3,EOD,3.15,7.3,6.75,-0.55,
497,Strategy A,2026-05-06,PE,24200,14:21,15:29,127806,127874,140.25,97.65,EOD,42.6,7.9,4.85,-3.05,
498,Strategy A,2026-05-07,PE,24350,12:41,12:51,128081,128091,121.5,141.5,SL,-20.0,5.9,5.95,0.05,
499,Strategy A,2026-05-08,CE,24250,12:40,13:30,128455,128505,126.0,146.0,SL,-20.0,3.55,3.75,0.2,
500,Strategy A,2026-05-08,CE,24200,13:53,14:32,128528,128567,141.4,161.4,SL,-20.0,4.15,3.95,-0.2,
501,Strategy A,2026-05-11,CE,23900,09:36,11:11,128646,128741,135.1,135.1,SL,0.0,2.25,2.25,0.0,
502,Strategy A,2026-05-11,CE,23850,14:58,15:29,128968,128999,125.0,92.6,EOD,32.4,1.85,2.6,0.75,
503,Strategy A,2026-05-12,CE,23900,09:30,15:29,129015,129374,138.45,81.25,EOD,57.2,9.3,6.65,-2.65,
504,Strategy A,2026-05-13,CE,23650,09:29,09:52,129389,129412,131.3,131.3,SL,0.0,8.05,7.95,-0.1,
505,Strategy A,2026-05-14,PE,23450,09:26,09:37,129761,129772,134.0,154.0,SL,-20.0,9.4,8.95,-0.45,
506,Strategy A,2026-05-14,PE,23450,11:28,14:46,129883,130081,128.75,88.45,SL,40.3,7.85,7.2,-0.65,
507,Strategy A,2026-05-15,PE,23750,09:55,10:01,130165,130171,135.05,155.05,SL,-20.0,7.35,7.8,0.45,
508,Strategy A,2026-05-15,PE,23750,10:46,11:03,130216,130233,131.0,151.0,SL,-20.0,7.15,7.8,0.65,
509,Strategy A,2026-05-15,CE,23750,14:45,15:05,130455,130475,120.55,120.55,SL,0.0,3.1,3.05,-0.05,
510,Strategy A,2026-05-18,CE,23400,09:26,10:34,130511,130579,129.25,129.25,SL,0.0,2.05,2.1,0.05,
511,Strategy A,2026-05-19,PE,23500,09:26,09:34,130886,130894,148.2,168.2,SL,-20.0,17.25,18.85,1.6,
512,Strategy A,2026-05-19,PE,23500,09:43,09:52,130903,130912,144.2,164.2,SL,-20.0,14.9,15.75,0.85,
513,Strategy A,2026-05-19,PE,23500,10:11,14:43,130931,131203,140.7,153.0,SL,-12.3,13.85,11.7,-2.15,
514,Strategy A,2026-05-19,CE,23800,15:15,15:29,131235,131249,131.0,128.9,EOD,2.1,4.4,4.25,-0.15,
515,Strategy A,2026-05-22,PE,23700,09:35,09:43,132020,132028,121.8,141.8,SL,-20.0,4.4,4.4,0.0,
516,Strategy A,2026-05-22,PE,23750,09:52,12:32,132037,132197,140.5,140.5,SL,0.0,4.75,4.5,-0.25,
517,Strategy A,2026-05-22,PE,23800,12:50,13:55,132215,132280,130.25,145.6,SL,-15.35,4.45,4.4,-0.05,
518,Strategy A,2026-05-25,PE,23800,09:30,12:30,132390,132570,136.3,142.0,SL,-5.7,1.8,1.6,-0.2,
519,Strategy A,2026-05-25,PE,23800,13:03,15:29,132603,132749,127.0,90.0,EOD,37.0,1.55,2.25,0.7,
520,Strategy A,2026-05-26,PE,24000,09:38,09:57,132773,132792,152.4,172.4,SL,-20.0,7.05,7.35,0.3,
521,Strategy A,2026-05-26,PE,24000,10:15,12:45,132810,132960,151.45,171.45,SL,-20.0,6.5,6.6,0.1,
522,Strategy A,2026-05-26,CE,24100,12:50,15:29,132965,133124,139.1,117.6,EOD,21.5,3.6,3.85,0.25,
523,Strategy A,2026-05-27,CE,23950,09:59,10:05,133169,133175,136.25,156.25,SL,-20.0,2.9,2.9,0.0,
524,Strategy A,2026-05-27,CE,23950,13:19,15:14,133369,133484,132.05,148.5,SL,-16.45,2.6,2.75,0.15,
525,Strategy A,2026-05-29,CE,23950,12:04,15:29,133669,133874,120.65,58.65,EOD,62.0,2.3,2.95,0.65,
526,Strategy A,2026-06-01,CE,23900,09:29,11:10,133889,133990,119.7,119.7,SL,0.0,1.1,1.1,0.0,
527,Strategy A,2026-06-01,CE,23800,11:58,15:29,134038,134249,130.0,87.65,EOD,42.35,1.3,1.2,-0.1,
528,Strategy A,2026-06-02,CE,23500,10:16,10:22,134311,134317,121.4,141.4,SL,-20.0,5.45,5.7,0.25,
529,Strategy A,2026-06-02,PE,23500,14:09,14:39,134544,134574,134.6,154.6,SL,-20.0,6.55,6.65,0.1,
530,Strategy A,2026-06-03,CE,23500,09:27,12:29,134637,134819,120.8,107.9,SL,12.9,4.95,5.15,0.2,
531,Strategy A,2026-06-04,PE,23450,14:30,15:00,135315,135345,142.05,162.05,SL,-20.0,4.65,4.4,-0.25,
532,Strategy A,2026-06-04,PE,23450,15:23,15:29,135368,135374,129.0,123.8,EOD,5.2,3.9,3.65,-0.25,
533,Strategy A,2026-06-05,CE,23400,13:24,14:43,135624,135703,135.45,155.45,SL,-20.0,4.55,4.1,-0.45,
534,Strategy A,2026-06-08,CE,23050,15:04,15:29,136099,136124,141.3,128.55,EOD,12.75,1.95,1.7,-0.25,
535,Strategy A,2026-06-09,PE,23100,13:15,15:29,136365,136499,124.8,94.0,EOD,30.8,5.45,4.75,-0.7,
536,Strategy A,2026-06-10,PE,23200,09:30,14:11,136515,136796,122.4,118.2,SL,4.2,5.7,5.15,-0.55,
537,Strategy A,2026-06-10,CE,23300,15:10,15:29,136855,136874,138.05,132.95,EOD,5.1,3.95,3.85,-0.1,
538,Strategy A,2026-06-12,PE,23450,13:27,13:27,137502,137502,133.2,153.2,SL,-20.0,3.05,3.0,-0.05,
539,Strategy A,2026-06-12,PE,23450,13:34,15:29,137509,137624,128.0,55.05,EOD,72.95,2.9,4.25,1.35,
540,Strategy A,2026-06-15,PE,23800,10:31,12:16,137701,137806,131.0,147.65,SL,-16.65,2.35,2.15,-0.2,
541,Strategy A,2026-06-16,PE,23900,09:30,12:23,138015,138188,154.45,170.0,SL,-15.55,7.2,6.15,-1.05,
542,Strategy A,2026-06-16,CE,24000,12:23,13:23,138188,138248,129.25,147.5,SL,-18.25,3.7,4.0,0.3,
543,Strategy A,2026-06-16,PE,23900,13:26,15:29,138251,138374,140.0,119.7,EOD,20.3,5.85,5.8,-0.05,
544,Strategy A,2026-06-17,PE,23950,09:43,11:58,138403,138538,121.95,120.75,SL,1.2,5.45,5.3,-0.15,
545,Strategy A,2026-06-17,PE,24000,14:59,15:29,138719,138749,123.1,114.0,EOD,9.1,4.65,4.35,-0.3,
546,Strategy A,2026-06-18,PE,24100,09:47,10:39,138782,138834,121.8,141.8,SL,-20.0,3.15,3.3,0.15,
547,Strategy A,2026-06-18,CE,24050,11:20,12:07,138875,138922,120.5,140.5,SL,-20.0,3.3,3.1,-0.2,
548,Strategy A,2026-06-18,PE,24150,12:29,14:08,138944,139043,141.35,150.5,SL,-9.15,3.3,3.35,0.05,
549,Strategy A,2026-06-18,PE,24150,15:00,15:29,139095,139124,126.75,98.05,EOD,28.7,2.9,2.75,-0.15,
550,Strategy A,2026-06-19,CE,23950,12:43,14:03,139333,139413,124.75,142.8,SL,-18.05,2.85,2.5,-0.35,
551,Strategy A,2026-06-19,CE,23900,14:55,15:00,139465,139470,132.0,152.0,SL,-20.0,2.25,2.1,-0.15,
552,Strategy A,2026-06-22,PE,24100,10:10,13:09,139555,139734,138.5,143.8,SL,-5.3,1.4,1.35,-0.05,
553,Strategy A,2026-06-22,PE,24100,15:00,15:00,139845,139845,128.8,144.0,SL,-15.2,0.95,0.9,-0.05,
554,Strategy A,2026-06-23,PE,24100,09:39,11:43,139899,140023,127.2,135.0,SL,-7.8,3.95,4.15,0.2,
555,Strategy A,2026-06-23,CE,24100,11:45,15:29,140025,140249,129.3,61.1,EOD,68.2,2.95,3.2,0.25,
556,Strategy A,2026-06-25,PE,24000,09:46,13:14,140656,140864,126.7,115.0,SL,11.7,4.0,3.95,-0.05,
557,Strategy A,2026-06-29,CE,24200,09:34,09:44,141019,141029,122.8,142.8,SL,-20.0,0.95,0.9,-0.05,
558,Strategy A,2026-06-29,CE,24200,11:33,15:29,141138,141374,119.3,96.25,EOD,23.05,0.9,0.95,0.05,
559,Strategy A,2026-06-30,CE,24000,09:31,11:23,141391,141503,150.6,170.6,SL,-20.0,5.8,5.15,-0.65,
560,Strategy A,2026-06-30,CE,24000,14:03,14:25,141663,141685,140.0,160.0,SL,-20.0,4.35,4.4,0.05,
561,Strategy A,2026-06-30,CE,24000,15:01,15:15,141721,141735,127.05,147.05,SL,-20.0,3.65,3.75,0.1,
562,Strategy A,2026-07-01,PE,23950,10:18,10:43,141813,141838,123.0,143.0,SL,-20.0,4.95,4.8,-0.15,
563,Strategy A,2026-07-01,PE,24000,12:00,14:39,141915,142074,133.25,143.85,SL,-10.6,4.9,5.1,0.2,
564,Strategy A,2026-07-01,PE,24000,15:00,15:29,142095,142124,120.4,129.75,EOD,-9.35,4.85,3.6,-1.25,
565,Strategy A,2026-07-02,PE,24150,09:33,10:08,142143,142178,126.8,146.8,SL,-20.0,4.5,4.3,-0.2,
566,Strategy A,2026-07-02,PE,24200,12:39,15:29,142329,142499,139.25,113.4,EOD,25.85,3.75,2.5,-1.25,
567,Strategy A,2026-07-06,PE,24300,12:35,15:29,143075,143249,92.0,92.65,EOD,-0.65,2.05,1.25,-0.8,
568,Strategy A,2026-07-07,PE,24500,10:00,12:32,143295,143447,152.05,150.5,SL,1.55,5.65,5.1,-0.55,
569,Strategy A,2026-07-07,CE,24400,13:19,15:29,143494,143624,153.7,117.0,EOD,36.7,1.75,2.1,0.35,
570,Strategy A,2026-07-08,CE,24200,09:37,09:52,143647,143662,146.5,166.5,SL,-20.0,2.95,2.9,-0.05,
571,Strategy A,2026-07-08,CE,24200,10:24,10:31,143694,143701,145.9,165.9,SL,-20.0,2.8,2.85,0.05,
572,Strategy A,2026-07-08,CE,24200,12:10,15:29,143800,143999,142.75,61.75,EOD,81.0,2.85,2.7,-0.15,
573,Strategy A,2026-07-09,CE,23950,15:06,15:22,144351,144367,131.15,151.15,SL,-20.0,2.45,2.1,-0.35,
574,Strategy A,2026-07-10,PE,24100,10:00,15:29,144420,144749,141.05,128.5,EOD,12.55,3.75,2.7,-1.05,
575,Strategy A,2026-07-14,CE,24100,12:27,15:29,145317,145499,143.45,130.45,EOD,13.0,3.75,3.35,-0.4,
576,Strategy A,2026-07-15,PE,24100,09:28,12:53,145513,145718,122.7,140.75,SL,-18.05,6.15,5.05,-1.1,
577,Strategy A,2026-07-15,CE,24100,12:57,13:19,145722,145744,122.6,142.6,SL,-20.0,2.95,3.05,0.1,
578,Strategy A,2026-07-16,PE,24150,10:50,13:00,145970,146100,123.6,143.6,SL,-20.0,4.35,4.35,0.0,
579,Strategy A,2026-07-16,CE,24100,13:30,15:29,146130,146249,121.3,122.35,EOD,-1.05,2.0,1.35,-0.65,
580,Strategy A,2026-07-17,PE,24200,09:34,13:24,146269,146499,131.0,120.6,SL,10.4,3.9,4.35,0.45,
581,Strategy A,2026-07-17,PE,24250,14:15,14:22,146550,146557,121.05,121.05,SL,0.0,3.95,3.85,-0.1,
582,Strategy A,2026-07-20,CE,24300,12:29,13:00,146819,146850,120.7,130.8,SL,-10.1,0.85,0.85,0.0,
583,Strategy A,2026-07-20,PE,24100,13:45,15:29,146895,146999,120.95,111.05,EOD,9.9,1.3,1.15,-0.15,
584,Strategy A,2026-07-21,CE,24200,10:34,13:37,147079,147262,152.1,152.1,SL,0.0,3.55,3.4,-0.15,
585,Strategy A,2026-07-22,CE,24100,09:26,15:29,147386,147749,140.75,104.45,EOD,36.3,3.1,3.45,0.35,
586,Strategy A,2026-07-23,CE,23900,12:30,15:29,147945,148124,129.85,121.0,EOD,8.85,3.25,2.7,-0.55,
587,Strategy A,2026-07-24,CE,23650,09:48,11:20,148158,148250,138.0,147.8,SL,-9.8,3.45,3.0,-0.45,
588,Strategy A,2026-07-27,PE,23900,09:26,10:38,148511,148583,154.4,174.4,SL,-20.0,1.45,1.3,-0.15,
589,Strategy A,2026-07-27,PE,23900,11:25,13:34,148630,148759,144.0,147.8,SL,-3.8,1.4,1.25,-0.15,
590,Strategy A,2026-07-27,PE,23900,14:01,15:29,148786,148874,126.5,92.55,EOD,33.95,1.3,1.6,0.3,
591,Strategy A,2026-07-28,PE,24000,10:46,13:10,148966,149110,125.0,136.4,SL,-11.4,5.6,5.7,0.1,
592,Strategy A,2026-07-29,PE,24200,09:49,12:49,149284,149464,128.0,126.85,SL,1.15,4.8,4.75,-0.05,
593,Strategy A,2026-07-29,PE,24250,13:07,15:29,149482,149624,134.0,137.0,EOD,-3.0,5.1,5.35,0.25,
594,Strategy A,2026-07-31,PE,24300,11:15,15:28,150120,150373,133.55,130.3,SL,3.25,2.6,2.75,0.15,
595,Strategy A,2026-08-03,PE,24500,09:29,15:29,150389,150749,118.25,99.15,EOD,19.1,1.8,1.7,-0.1,
596,Strategy A,2026-08-04,PE,24600,09:43,10:56,150778,150851,122.95,142.95,SL,-20.0,6.15,5.35,-0.8,
597,Strategy A,2026-08-04,CE,24500,12:37,15:14,150952,151109,154.6,154.6,SL,0.0,2.85,3.15,0.3,
598,Strategy A,2026-08-06,PE,24700,14:05,15:29,151790,151874,135.45,128.05,EOD,7.4,3.0,2.2,-0.8,
599,Strategy A,2026-08-07,CE,24550,12:16,13:51,152056,152151,131.1,146.5,SL,-15.4,1.85,1.75,-0.1,
600,Strategy A,2026-08-07,CE,24550,14:06,15:29,152166,152249,128.0,135.6,EOD,-7.6,1.7,1.35,-0.35,
601,Strategy A,2026-08-10,PE,24600,13:42,14:45,152517,152580,137.05,152.25,SL,-15.2,1.25,1.1,-0.15,
602,Strategy A,2026-08-10,CE,24700,09:30,15:29,152265,152624,135.35,131.75,EOD,3.6,0.8,0.55,-0.25,
603,Strategy A,2026-08-11,CE,24600,09:30,15:29,152640,152999,125.0,97.7,EOD,27.3,1.95,1.35,-0.6,
604,Strategy A,2026-08-12,CE,24450,09:46,14:31,153031,153316,136.15,95.85,SL,40.3,1.8,1.7,-0.1,
605,Strategy A,2026-08-13,CE,24500,10:29,11:36,153449,153516,136.8,146.6,SL,-9.8,1.25,1.25,0.0,
606,Strategy A,2026-08-13,PE,24400,12:00,15:29,153540,153749,137.8,142.2,EOD,-4.4,2.1,1.45,-0.65,
607,Strategy A,2026-08-14,PE,24400,14:02,15:29,154037,154124,130.65,135.75,EOD,-5.1,1.8,1.7,-0.1,
608,Strategy A,2026-08-17,CE,24400,09:28,12:34,154138,154324,121.0,120.3,SL,0.7,0.8,0.75,-0.05,
609,Strategy A,2026-08-18,CE,24300,09:45,15:29,154530,154874,112.45,97.4,EOD,15.05,2.05,2.3,0.25,
610,Strategy A,2026-08-19,CE,24150,09:30,14:35,154890,155195,118.95,109.6,SL,9.35,2.45,2.1,-0.35,
611,Strategy A,2026-08-20,PE,24200,09:35,15:29,155270,155624,124.15,108.6,EOD,15.55,2.8,2.29,-0.51,
612,Strategy A,2026-08-24,CE,24300,10:59,15:29,156104,156374,140.0,111.15,EOD,28.85,0.7,0.55,-0.15,
613,Strategy A,2026-08-25,PE,24300,14:28,15:29,156688,156749,135.0,78.8,EOD,56.2,4.3,4.2,-0.1,
614,Strategy A,2026-08-26,PE,24400,09:26,10:17,156761,156812,126.55,146.55,SL,-20.0,3.15,3.1,-0.05,
615,Strategy A,2026-08-26,CE,24500,10:17,14:54,156812,157089,126.7,113.85,SL,12.85,1.2,1.1,-0.1,
616,Strategy A,2026-08-27,CE,24400,09:27,12:38,157137,157328,113.05,101.6,SL,11.45,1.25,1.8,0.55,
617,Strategy A,2026-08-27,CE,24300,15:21,15:29,157491,157499,124.4,118.95,EOD,5.45,1.45,1.35,-0.1,
618,Strategy A,2026-08-28,CE,24300,11:35,15:11,157640,157856,113.1,133.1,SL,-20.0,1.25,0.8,-0.45,
619,Strategy A,2026-08-31,CE,24100,09:26,11:54,157886,158034,152.35,172.35,SL,-20.0,1.0,0.9,-0.1,
620,Strategy A,2026-09-01,CE,24100,09:43,11:08,158278,158363,127.1,147.1,SL,-20.0,2.45,1.95,-0.5,
621,Strategy A,2026-09-01,CE,24100,13:37,15:29,158512,158624,116.5,94.35,EOD,22.15,2.0,2.35,0.35,
622,Strategy A,2026-09-03,PE,24000,09:39,10:41,159024,159086,132.1,152.1,SL,-20.0,3.75,3.15,-0.6,
623,Strategy A,2026-09-03,CE,24000,15:20,15:29,159365,159374,147.0,138.5,EOD,8.5,1.8,1.7,-0.1,
624,Strategy A,2026-09-07,CE,23900,09:27,13:53,159762,160028,130.35,125.0,SL,5.35,1.0,1.0,0.0,
625,Strategy A,2026-09-07,CE,23900,14:40,15:29,160075,160124,109.35,101.7,EOD,7.65,0.9,1.0,0.1,
626,Strategy A,2026-09-08,CE,23700,09:28,15:29,160138,160499,149.35,117.05,EOD,32.3,3.35,2.8,-0.55,
627,Strategy A,2026-09-09,CE,23550,09:50,10:23,160535,160568,128.0,148.0,SL,-20.0,2.7,2.55,-0.15,
628,Strategy A,2026-09-09,CE,23500,12:01,12:32,160666,160697,143.05,163.05,SL,-20.0,3.25,3.0,-0.25,
629,Strategy A,2026-09-09,CE,23500,15:03,15:29,160848,160874,140.4,122.7,EOD,17.7,3.05,3.25,0.2,
630,Strategy A,2026-09-10,CE,23600,13:07,15:29,161107,161249,122.5,116.7,EOD,5.8,2.1,1.85,-0.25,
631,Strategy A,2026-09-15,CE,23400,12:31,15:29,161821,161999,127.6,83.6,EOD,44.0,4.15,3.1,-1.05,
632,Strategy A,2026-09-17,PE,23300,09:31,09:43,162391,162403,139.0,159.0,SL,-20.0,5.65,5.75,0.1,
633,Strategy A,2026-09-17,PE,23300,10:05,11:00,162425,162480,120.25,140.25,SL,-20.0,5.35,4.9,-0.45,
634,Strategy A,2026-09-17,PE,23350,12:00,13:25,162540,162625,132.2,132.2,SL,0.0,5.2,5.15,-0.05,
635,Strategy A,2026-09-18,PE,23300,12:43,15:29,162958,163124,142.15,127.5,EOD,14.65,2.45,2.1,-0.35,
636,Strategy A,2026-09-21,PE,23400,09:29,15:29,163139,163499,149.3,121.0,EOD,28.3,1.7,1.65,-0.05,
637,Strategy A,2026-09-22,PE,23500,09:48,10:32,163533,163577,140.05,160.05,SL,-20.0,4.95,4.85,-0.1,
638,Strategy A,2026-09-22,CE,23400,10:42,14:14,163587,163799,126.45,109.15,SL,17.3,3.05,2.85,-0.2,
639,Strategy A,2026-09-23,PE,23500,11:47,15:29,164027,164249,135.0,127.1,EOD,7.9,4.45,3.9,-0.55,
640,Strategy A,2026-09-24,CE,23300,09:40,15:29,164275,164624,150.45,112.25,EOD,38.2,1.95,1.85,-0.1,
641,Strategy A,2026-09-25,CE,23200,09:42,14:00,164652,164910,137.15,138.25,SL,-1.1,1.4,1.35,-0.05,
642,Strategy A,2026-09-28,CE,23100,09:26,15:29,165011,165374,119.45,75.75,EOD,43.7,1.25,1.3,0.05,
643,Strategy A,2026-09-29,CE,22800,09:31,11:11,165391,165491,130.85,150.85,SL,-20.0,5.7,6.7,1.0,
